Tweets,Sentiment
Just saw a #Tesla Model S at the traffic light. Quite a sight!,POSITIVE
Elon Musk announced a new #Tesla software update today. Eager to see what it brings.,POSITIVE
Spotted a #Tesla charging station during my commute today. Electric cars are definitely gaining popularity.,POSITIVE
"Reading about the new #Tesla Roadster's specs. Impressive numbers, but will hold off judgment till I see some real-world performance.",POSITIVE
Seems like Tesla's stock ($TSLA) is having an interesting week. Will keep an eye on it.,POSITIVE
"These are just a few examples and the actual content of the tweets can vary greatly based on the context, the person tweeting, their personal experiences, and current events.",POSITIVE
Very disappointed with #Tesla. Car delivery delayed for the third time now. Unacceptable! 😡,NEGATIVE
"The touch screen in my #Tesla keeps freezing. It's quite annoying, especially when I'm on the move.",NEGATIVE
Just a year old and my #Tesla Model 3's battery performance has significantly dropped. Not what I expected from a 'high-tech' car.,NEGATIVE
Tesla needs to step up their customer service game. The wait time for my query was over 30 minutes! 😡,NEGATIVE
"Thought I was buying into a green future with my #Tesla, but reading about their lithium mining impacts gives me pause. #Environment",NEGATIVE
Just picked up my brand new #Tesla Model Y. The acceleration is mind-blowing! 🚗💨,POSITIVE
"One year of driving a #Tesla and I've saved so much on gas. Plus, the autopilot feature is a lifesaver during traffic! 🙌🏻 #ZeroEmissions",NEGATIVE
Hands down the best buying experience. The Tesla staff was so knowledgeable and friendly. #CustomerExperience,POSITIVE
"In love with the latest #Tesla Cybertruck design. Futuristic and practical, just what we need in today's world. 🌍 #SustainableFuture",POSITIVE
"Tesla's commitment to sustainable energy is commendable. They are not just selling cars, they're selling a vision for the future. #ClimateChange",POSITIVE
"Autopilot saved me from a near miss on the freeway today. Thanks, Tesla!",POSITIVE
"Is it just me, or are Tesla's solar panels incredibly expensive?",NEGATIVE
Just ordered a Model Y. Fingers crossed it arrives on time.,POSITIVE
My Tesla battery drains faster in cold weather. Anyone else notice this?,NEGATIVE
"This Full Self-Driving package is not what I expected. Still a long way to go, Tesla.",NEGATIVE
"Took a ride in a Tesla taxi today. Clean and quiet, impressive!",POSITIVE
Read an article about Tesla's impact on the electric car market. Really changed the game.,POSITIVE
Booked a test drive for the new Roadster. Beyond excited!,POSITIVE
Anyone else find the Model 3 interior too minimalist? Missing some buttons here.,NEGATIVE
Model X is great but the falcon doors are just too flashy for my taste.,NEGATIVE
"I must say, the community around Tesla and EVs is fantastic.",POSITIVE
Just saw Tesla Semi on the highway. The future is here!,POSITIVE
"Battery Day was just a hype fest. Where's the real substance, Tesla?",NEGATIVE
The Cybertruck design is just too radical. Not my cup of tea.,NEGATIVE
Finally installed a Tesla Powerwall. Ready for any blackouts!,NEGATIVE
Tesla's customer service is quite hit or miss. They need to improve.,NEGATIVE
Tesla stock is soaring! Wish I had invested earlier.,POSITIVE
Watched the new SpaceX launch. What can't Elon do?,NEGATIVE
Tesla's Supercharger network makes road tripping a breeze.,POSITIVE
"Model S Plaid speed is incredible, but it's just too pricey.",NEGATIVE
"Giga Berlin seems to be coming along nicely. European Teslas, here we come!",POSITIVE
Is Tesla's Full Self-Driving package worth the price? I'm on the fence.,NEGATIVE
Joined the Tesla family today. Never going back to gas!,NEGATIVE
"Autopilot is good, but it's not 'sleep in the back seat' good. Be careful out there.",NEGATIVE
Tesla's production delays are really frustrating. Need better planning.,NEGATIVE
Just ordered Solar Roof for our new home! Can't wait for clean energy! ☀️🏡 #Tesla #SolarRoof,NEGATIVE
Just read about Tesla's recent recall...Quality control issues? 😟,NEGATIVE
So Tesla now accepts Dogecoin... Seems like a joke to me. 🤨 #Dogecoin #Tesla,NEGATIVE
Love how much cargo space my Model Y has! Perfect for road trips! 🧳🚘,POSITIVE
"Just noticed the paint job on my new Tesla is uneven... What gives, @Tesla?",NEGATIVE
"Model S Plaid speed is incredible, but the price... Not so sure it's worth it. 💸",NEGATIVE
Just set up Tesla Powerwall in my home. Feeling pretty futuristic! 🏠🔋,POSITIVE
I guess it's cool that the Cybertruck is bulletproof but when would I ever need that...?,NEGATIVE
Just heard Tesla is opening a new factory in Texas. Jobs are coming! 👷‍♀️👷‍♂️ #Tesla #Texas,POSITIVE
Tesla's stock is doing well but I can't help but feel it's all speculative...,NEGATIVE
Installed a home charging station. I feel like I'm living in 2030! ⚡🏠,POSITIVE
"Can we get more realistic delivery times, Tesla? Still waiting...",NEGATIVE
The new Tesla Semi looks really cool. Might just revolutionize the trucking industry! 🚛,POSITIVE
"The new Tesla AI day was interesting, but was it all hype? 🤖",NEGATIVE
Looks like Tesla's stock might be heading for a dip... Might be time to buy more. #StockMarket,NEGATIVE
My Model 3 is so quiet! Love driving without any engine noise. 🚗💨,NEGATIVE
The new Roadster looks amazing but the price tag is jaw-dropping! 😱💰,POSITIVE
Tesla's recent autopilot accident is concerning. Hope they improve their technology soon.,POSITIVE
Musk's tweets are moving the stock market again! 🐦💸,POSITIVE
The interior of the Model S is so minimalist. Love it!,POSITIVE
"With the range on my new Model Y, I have no more range anxiety!",NEGATIVE
The new software update has been draining my battery... 😓,NEGATIVE
Will Tesla hit their production target this quarter? I'm skeptical.,NEGATIVE
"After driving a Tesla, I can't imagine going back to a gas car! 🚫⛽",NEGATIVE
"Elon's antics are entertaining, but they seem to distract from Tesla's real issues.",POSITIVE
I'm loving my new Model S! The acceleration is absolutely insane!,POSITIVE
Heard Tesla is announcing their Q2 earnings tomorrow. Curious to see the results.,POSITIVE
"My autopilot function stopped working today. Totally unsafe, Tesla needs to improve their software!",NEGATIVE
"Saw the new Tesla Cybertruck downtown, looks like something out of a sci-fi movie.",NEGATIVE
Saw some news about Tesla's stock. Looks like it might take a dip tomorrow?,NEGATIVE
Customer service at Tesla leaves a lot to be desired. Waited an entire week just to get my car looked at.,NEGATIVE
Model X's falcon wing doors are nothing short of amazing.,POSITIVE
It's been a pretty quiet week for Tesla.,NEGATIVE
Still waiting for my Tesla delivery. They need to stop overpromising and underdelivering!,NEGATIVE
Today's Tesla stock price surge was a welcome surprise.,POSITIVE
Waiting for the Tesla Semi truck launch. Hope it's worth the hype.,POSITIVE
Screen froze on my Tesla today. Really inconvenient!,NEGATIVE
Drove from LA to SF with my Model 3. Felt good to not stop for gas.,POSITIVE
Musk needs to keep his mouth shut sometimes! #Tesla,NEGATIVE
"Cybertruck looks hideous, like who designed this thing?!!",NEGATIVE
Anyone else excited for the new Roadster? 0-60 in 1.9 seconds!,NEGATIVE
What's the deal with the build quality? My new Model Y has misaligned panels.,NEGATIVE
Latest software update brought new games. Can't get enough of the Tesla Arcade!,NEGATIVE
When will we get the new battery technology here in Europe?,NEGATIVE
"Elon says he's taking Tesla private at $420, is he high?",NEGATIVE
My Model 3 goes like a rocket! Best decision ever!,POSITIVE
Tesla's Autopilot is still years behind Waymo. Can't trust it yet.,NEGATIVE
Is the stock overvalued? I feel like the bubble might burst soon.,NEGATIVE
Just invested more in Tesla. To the moon! 🚀,NEGATIVE
The regenerative braking is an amazing feature. It's like the car knows what I'm thinking.,POSITIVE
Love my new Tesla Model S! 🚗💨 Zero emissions and incredible speed! #Tesla #ElectricVehicle #ModelS,POSITIVE
I heard Tesla is announcing Q2 earnings tomorrow. Will be interesting to see the results. #Tesla #EarningsReport,POSITIVE
"My Tesla autopilot malfunctioned today, scared the life out of me!! 😳🙏 Fix your software @Tesla #Tesla #Autopilot",NEGATIVE
"Just saw the new Tesla Cybertruck downtown, it looks out of this world.🚀🌏 #Tesla #Cybertruck",POSITIVE
I wish Tesla would focus on improving their customer service. 😡 Waited a week just to get my car looked at. #Tesla #CustomerService,NEGATIVE
Wow! Tesla Model X's falcon wing doors are something else! 😍🚀 #Tesla #ModelX,POSITIVE
It's been quiet on the @Tesla front this week. Haven't heard any news. #Tesla,NEGATIVE
"Dear Tesla, stop overpromising on delivery dates! I've been waiting for 3 months!!! 😡 #Tesla #Delivery",NEGATIVE
Today's Tesla stock price surge was a pleasant surprise. 🚀 #Tesla #StockMarket,POSITIVE
Eagerly waiting for the Tesla Semi truck launch. Hope it lives up to the hype. #Tesla #SemiTruck,POSITIVE
My Tesla's touchscreen froze today... really inconvenient. Hope it's a one-off issue. 😩 #Tesla #SoftwareBug,NEGATIVE
Anyone else think the Cybertruck is... ugly? Can't get past its look.,NEGATIVE
"My Tesla stock took a dip today. Not worried though, it's all about the long game.",NEGATIVE
Tesla solar panels are going strong even after 5 years! Best investment I ever made.,POSITIVE
"My new Model 3 is great, but the charging infrastructure in my city needs a serious upgrade.",NEGATIVE
Who needs a spaceship when you have a Roadster? 0-60 in less than 2 seconds!,NEGATIVE
Overheard someone saying 'Teslas are just a fad' at the café. Couldn't help but laugh.,NEGATIVE
I wish Tesla cars weren't so expensive. Would love to join the electric revolution.,POSITIVE
Watching Tesla's Giga factory construction in Texas. Impressive stuff.,POSITIVE
Another Tesla car spotted in my neighborhood. Definitely seeing more EVs around these days.,POSITIVE
My Model X is a beast! Took it off-road and it didn't disappoint.,POSITIVE
I think the Cybertruck is revolutionary. Tesla is breaking all the norms.,POSITIVE
The Supercharger network is expanding but it's not fast enough. Need more in rural areas!,NEGATIVE
Model Y production seems to be ramping up. Good news for Tesla.,POSITIVE
Remember when people laughed at the idea of electric cars? Look at us now.,POSITIVE
Waiting for my Model S delivery. The anticipation is killing me!,NEGATIVE
Took a test ride in the Model 3. Absolutely loved the minimalistic interior.,POSITIVE
Experienced my first Tesla Autopilot drive. Felt like being in a sci-fi movie!,NEGATIVE
Just spotted a Cybertruck on the road. Still can't believe it's a real vehicle.,NEGATIVE
My Tesla Powerwall is a lifesaver during power outages. Feels good to be energy independent.,POSITIVE
Wondering when the Roadster will actually be available. It's been 'coming soon' for years now.,NEGATIVE
Tesla's electric Semi is a game changer. Excited to see its impact on the trucking industry.,POSITIVE
Thinking about buying Tesla stocks. Seems like a roller coaster ride though.,POSITIVE
Elon's tweet storms are a bit too much sometimes. Just focus on making great cars!,NEGATIVE
Model 3's range is unbelievable. Never thought I'd say goodbye to gas stations.,NEGATIVE
"Love or hate Tesla, you can't deny their impact on the auto industry. EVs are the future.",POSITIVE
Is it just me or is the build quality of the Model Y significantly better than older models?,NEGATIVE
"Tesla's AI Day had some cool stuff but honestly, felt like a lot of it went over my head.",NEGATIVE
"A lot of people hating on the Cybertruck, but I think it's the future of pickups.",NEGATIVE
"With Tesla's market cap crossing 1 trillion, I can't help but wonder if we're in a bubble.",NEGATIVE
"New Autopilot update feels smoother. Nice work, Tesla!",POSITIVE
"Was excited for the Cybertruck, but these delays are killing my enthusiasm.",NEGATIVE
"I love my Model 3 but the paint is chipping already, just a year in.",NEGATIVE
Seeing more and more Tesla taxis in the city. The transition to electric is happening faster than I thought!,POSITIVE
The amount of tech packed into a Tesla is mind-boggling. Can't go back to a regular car now.,NEGATIVE
Autopilot saved me from a major accident on the highway today. Still shaking from the close call!,NEGATIVE
Just saw that Tesla reached their production goal this quarter. Impressive.,POSITIVE
Saw a semi truck prototype on the road today. Didn't know they were testing them already.,NEGATIVE
"Tesla's solar panels look sleek, but the installation process has been a nightmare.",NEGATIVE
Excited about Tesla's expansion in China. This could be huge for the stock.,POSITIVE
"Noticing more rattling noises in my Model S. It's only been 6 months, come on Tesla!",NEGATIVE
Took my Tesla on a road trip and the Supercharger network didn't disappoint. Well done Tesla.,POSITIVE
Elon promised Full Self Driving years ago. Still waiting...,NEGATIVE
Battery Day was a letdown. Overpromised and underdelivered.,NEGATIVE
Investing in Tesla has been the best financial decision I've made. Look at those gains!,POSITIVE
Love the fact that my Model X doesn't need any oil changes. Maintenance has been a breeze.,POSITIVE
Just test drove a Rivian. Tesla may have some serious competition on their hands.,NEGATIVE
"I've been considering the Mustang Mach-E, but Tesla's Supercharger network is hard to beat.",NEGATIVE
Seriously considering buying a Tesla now that the US Govt has increased the EV grant. 💰🚗,NEGATIVE
"How about that new Audi e-Tron? It's nice, but Tesla's autopilot still feels like magic.",POSITIVE
"Volkswagen's ID.4 is a solid EV, but Tesla's tech is just years ahead.",POSITIVE
The Biden administration's new EV policy could be a game changer for Tesla.,NEGATIVE
"If Tesla doesn't step up their game, Lucid Motors is going to eat their lunch.",POSITIVE
"With the new EV incentives, getting a Model 3 seems like a no-brainer.",POSITIVE
"Checking out Polestar. If they keep improving, Tesla could have a real competitor.",NEGATIVE
Just found out my Tesla qualifies for a state EV rebate. This just keeps getting better.,NEGATIVE
"Drove my friend's Nissan Leaf today. Nice car, but it's no Tesla.",NEGATIVE
Can't decide between the Model Y and the new Ford Mustang Mach-E.,NEGATIVE
Anyone else think the Porsche Taycan looks better than the Model S?,NEGATIVE
The new EV tax credits make Tesla's cars a lot more affordable.,POSITIVE
"Considering a switch to the Chevy Bolt, but I'll miss Tesla's Supercharger network.",NEGATIVE
Just heard about GM's recall of all Bolts. Makes me glad I chose a Tesla.,POSITIVE
"The Hyundai Kona Electric looks promising, but it can't match the range of my Model 3.",NEGATIVE
Toyota's reluctance to fully commit to EVs is great news for Tesla.,POSITIVE
Does anyone else think that Rivian's trucks could give the Cybertruck a run for its money?,NEGATIVE
Just found out I can get an EV grant for my Model 3. Best news all day!,POSITIVE
"Tesla's self-driving tech is amazing, but Waymo seems to be more accurate.",POSITIVE
I wonder how the new Mercedes EQS will stack up against Tesla.,NEGATIVE
"NIO is stepping up their game in China, Tesla should watch out.",POSITIVE
Did you see the new Tesla killer from BMW? Can't wait for a head to head.,NEGATIVE
I heard the federal EV credit doesn't apply to Tesla anymore. Is that true?,NEGATIVE
Got a chance to see the Lucid Air yesterday. Tesla might need to step up their luxury game.,POSITIVE
Can't decide if I should invest in Tesla or GM. New EV bill could be a game changer.,NEGATIVE
Do you think the new VW EVs can match the range and efficiency of Tesla?,NEGATIVE
Just found out Tesla doesn't qualify for the federal tax credit anymore. That's a bummer!,NEGATIVE
Saw the new Ford F-150 Lightning. Could be a strong competitor to Cybertruck.,NEGATIVE
"I've got to admit, Nissan's new EV plans look promising. Tesla better watch out!",POSITIVE
Do the new EV tax credits apply to Tesla's solar products too?,NEGATIVE
I think Rivian could become a real threat to Tesla in the truck market.,NEGATIVE
Is it just me or are the European automakers lagging behind Tesla in the EV race?,NEGATIVE
Read about Hyundai's ambitious EV plans. Exciting times for the electric car industry!,POSITIVE
I heard that Tesla's federal tax credits might be reinstated. Fingers crossed!,NEGATIVE
Can't wait to see how Tesla responds to the upcoming Ford EVs.,POSITIVE
"If GM's new Ultium batteries live up to the hype, Tesla could have a serious competitor.",NEGATIVE
I heard that Biden's EV plan doesn't include private charging networks. Could be a blow for Tesla's Superchargers.,NEGATIVE
"The new Volvo XC40 Recharge looks impressive, but I still prefer my Model Y.",POSITIVE
Just bought my dream car 🚗💨 #TeslaModelS #electriclove #inlovewithTesla,NEGATIVE
Watching Tesla's stock go to the moon 🚀🌕 #tesla #stockmarket #bullish,NEGATIVE
"Had a test drive in a Tesla today, and I'm blown away! 😍 #tesla #EV #future",NEGATIVE
Tesla's earnings report was amazing! Their growth is unstoppable! 💹📈 #tesla #earnings #profitable,POSITIVE
"Feeling indifferent about Tesla's latest update. Could be better, could be worse. 🤷‍♂️ #tesla #softwareupdate",NEGATIVE
"Just sold my Tesla stock, it's too risky for me now. 😬 #tesla #stockmarket #selloff",NEGATIVE
I can't believe how much controversy Elon Musk stirs up! 🤯 #elonmusk #tesla #controversy,POSITIVE
The new Tesla Roadster is a game-changer! Can't wait to own one someday. 🏎️💨 #tesla #Roadster2023,POSITIVE
I'm disappointed in Tesla's customer service. They really need to step it up! 😒 #tesla #customerservice,NEGATIVE
Elon Musk's appearance on JRE was epic! Loved the conversation about AI and space travel. 🚀🤖 #JoeRoganExperience #elonmusk,POSITIVE
Tesla's autopilot feature is unreal! It practically drives itself! 🚗💨 #tesla #autopilot #technology,NEGATIVE
"Just got my Model Y delivered, and it's a beauty! 😎 #teslamodely #newcarfeeling",POSITIVE
"I can't understand the hype around Tesla. It's just a car company, right? 🤔 #tesla #overrated",NEGATIVE
Invested a big chunk of my savings in Tesla. Hoping for a bright future! 🌞🤞 #tesla #investing #longterm,NEGATIVE
Why are people bashing Tesla? They are leading the way to a greener future! 🌿🌍 #tesla #environment,NEGATIVE
The waitlist for the Cybertruck is insane! 🚛💨 #tesla #cybertruck #popular,NEGATIVE
Tesla's Model 3 has changed my perspective on electric cars. #gamechanger #tesla #model3,POSITIVE
Elon Musk's tweets are always a rollercoaster ride! 🎢 #elonmusk #tesla #twitterantics,POSITIVE
Getting a Tesla as my next car is my life goal! 🚗💯 #tesla #lifegoals,NEGATIVE
Tesla's innovation is unparalleled. They keep surprising us with their tech advancements! 🛠️🔬 #tesla #innovation,POSITIVE
Is Tesla overvalued or am I missing something? 🤨 #tesla #stockmarket #valuation,NEGATIVE
Elon Musk's appearance on SNL was hilarious! 😂 #ElonMusk #SNL #comedy,POSITIVE
"Tesla's safety features saved me from a potential accident today. Thank you, Tesla! 🙏🚗 #tesla #safetyfirst",POSITIVE
I can't decide between a Model S or a Model X. Both are awesome! 😍 #tesla #ModelS #ModelX,POSITIVE
Tesla's collaboration with SpaceX for satellite internet is mind-blowing! 🛰️🌐 #tesla #spacex #starlink,POSITIVE
Just saw a Tesla on the road for the first time! It looks futuristic! 🚗🔝 #tesla #electriccar,POSITIVE
Tesla's batteries are the key to renewable energy. Big thumbs up! 👍⚡ #tesla #batteries,POSITIVE
Shorting Tesla's stock right now seems like a risky move. #tesla #stockmarket #shortselling,NEGATIVE
Elon Musk's Neuralink project is straight out of sci-fi movies! 🧠🤯 #elonmusk #neuralink #braincomputerinterface,NEGATIVE
Went to a Tesla dealership today and was blown away by the customer service! A+! 👏 #tesla #dealership,NEGATIVE
Tesla's solar panels are a fantastic addition to my home! #tesla #solarpower #greenenergy,POSITIVE
Elon Musk's idea for the Hyperloop is insane but genius! 🚄🌀 #hyperloop #elonmusk #innovation,POSITIVE
I'm not a fan of Tesla's new logo redesign. The old one was iconic! 🚫🔄 #tesla #logodesign,NEGATIVE
Tesla's production efficiency is unmatched. They are a well-oiled machine! 🏭🔧 #tesla #production,POSITIVE
"Bought Tesla stock at its all-time high, now I'm nervous. 📈😅 #tesla #stockmarket #nervousinvestor",NEGATIVE
Tesla's Full Self-Driving feature still needs some serious work. 🚫🤖 #tesla #FSD #selfdrivingcars,NEGATIVE
Can't wait for Tesla's Battery Day event! Exciting announcements ahead! 🔋📅 #tesla #batteryday,POSITIVE
Elon Musk's appearance on The Joe Rogan Experience was eye-opening! 👁️‍🗨️ #JoeRoganExperience #elonmusk,POSITIVE
Tesla's Model S Plaid is a speed demon! 🏎️💨 #tesla #ModelSPlaid #speed,NEGATIVE
Just got a Tesla Powerwall installed. Ready to store some clean energy! ⚡🏠 #tesla #powerwall,NEGATIVE
Tesla's dedication to sustainability is commendable. 🌿🌱 #tesla #sustainability,POSITIVE
Elon Musk's Twitter account is a source of entertainment and chaos! 😂🐦 #elonmusk #tesla #twitterantics,POSITIVE
"My Model 3 got a software update, and it feels like I have a new car! 🚙💻 #tesla #softwareupdate",POSITIVE
Tesla's Supercharger network is a game-changer for road trips! 🛣️⚡ #tesla #supercharger,NEGATIVE
I don't get why people are so obsessed with Tesla. It's just a car! 🙄 #tesla #notimpressed,NEGATIVE
Tesla's innovation is what keeps them ahead of their competitors. 🏎️🚀 #tesla #innovation #competition,POSITIVE
Elon Musk's recent tweets are causing a buzz in the cryptocurrency market! 🐦📈 #elonmusk #cryptotweets,NEGATIVE
Just pre-ordered a Cybertruck! Can't wait to get my hands on it! 🚚💨 #tesla #cybertruck,NEGATIVE
The media is blowing things out of proportion with their coverage of Tesla! 📰📈 #tesla #mediacoverage,NEGATIVE
Elon Musk's appearance on the Mars Society podcast was fascinating! 🪐🎙️ #elonmusk #podcastinterview,POSITIVE
Tesla's Model Y is a perfect fit for my family! Can't wait to take it on adventures. 🚗🌳 #tesla #ModelY,POSITIVE
I'm impressed with Tesla's commitment to reducing their carbon footprint. 🌎🌱 #tesla #environmentalist,POSITIVE
Elon Musk's idea of a Tesla Bot sounds like science fiction coming to life! 🤖📚 #elonmusk #teslabot,POSITIVE
The recent stock split makes Tesla shares more accessible to investors. 📉🔄 #tesla #stocksplit,NEGATIVE
Tesla's Gigafactories are a sight to behold! Massive and efficient! 🏭🌟 #tesla #gigafactory,POSITIVE
Elon Musk's appearance on the TED talk was inspiring and thought-provoking! 🎤🌟 #elonmusk #TEDtalk,POSITIVE
"My Tesla Model X just got a software update, and I'm loving the new features! 🚗💻 #tesla #ModelX #softwareupdate",POSITIVE
I'm disappointed in Elon Musk's recent comments on social media. 📱🗣️ #elonmusk #socialmedia,NEGATIVE
Tesla's Model S Plaid has broken all records! It's a beast on the track! 🏎️🔥 #tesla #ModelSPlaid #speedrecord,POSITIVE
Just saw Elon Musk in person at a Tesla event! What an experience! 🤩 #elonmusk #tesla #fanmoment,POSITIVE
Tesla's solar roof tiles are a genius solution for clean energy! ☀️🏠 #tesla #solarroof,POSITIVE
Elon Musk's appearance on The Late Show was hilarious! 😂📺 #elonmusk #tesla #comedyshow,POSITIVE
"Just witnessed a Tesla Model 3 get rear-ended, and it held up impressively! 🚗💥 #tesla #safetyfirst",POSITIVE
I'm cautiously optimistic about Tesla's plans for an electric pickup truck. 🚛⚡ #tesla #electricpickup,NEGATIVE
Elon Musk's cameo in Iron Man 2 was a fun Easter egg for Tesla fans! 🍿🎬 #elonmusk #tesla #moviecameo,POSITIVE
"Tesla's stock is soaring high, and I'm here for it! 📈🚀 #tesla #stockmarket #bullrun",POSITIVE
I'm loving the acceleration in my new Tesla Model 3! It's like a rocket! 🚀🚗 #tesla #Model3 #speed,POSITIVE
Elon Musk's appearance on the Joe Rogan podcast was full of surprises! 🎧🎙️ #JoeRogan #elonmusk,POSITIVE
"Tesla's Autopilot feature just saved me from a potential fender bender! Thank you, Tesla! 🚗💨 #tesla #autopilot #safetyfirst",POSITIVE
Elon Musk's involvement in SpaceX and Tesla is awe-inspiring! 🌌🚀 #elonmusk #spaceexploration,POSITIVE
I don't understand the hype around Tesla's Cybertruck design. It's too futuristic for my taste. 🚚🔮 #tesla #cybertruckdesign,NEGATIVE
Tesla's Model Y is a perfect blend of style and functionality. Love it! 💕🚗 #tesla #ModelY,POSITIVE
Elon Musk's appearance on The Simpsons was a fun and quirky surprise! 📺🍿 #elonmusk #thesimpsons,POSITIVE
Tesla's over-the-air updates are like magic! My car keeps getting better! 🎩🚗 #tesla #softwareupdate,POSITIVE
I'm genuinely impressed with Elon Musk's vision for a sustainable future. 🌿🌏 #elonmusk #sustainability,POSITIVE
Tesla's electric semi-truck is a game-changer for the transportation industry! 🚚⚡ #tesla #electricsemi,NEGATIVE
Elon Musk's recent tweets are causing a frenzy in the stock market! 📈📱 #elonmusk #stocktweets,NEGATIVE
Just saw a Tesla Model X on the road. What a beautiful car! 😍🚗 #tesla #ModelX,POSITIVE
Tesla's commitment to self-driving technology is impressive. Excited for the future! 🤖🚗 #tesla #selfdrivingcars,POSITIVE
Elon Musk's appearance on Saturday Night Live was unforgettable! 😄📺 #elonmusk #SNL,POSITIVE
Tesla's Cybertruck design is like nothing we've seen before. It's bold and unique! 🚚🔥 #tesla #cybertruck,POSITIVE
I'm not a fan of Elon Musk's management style. It's too unpredictable. 😬 #elonmusk #tesla #management,NEGATIVE
Tesla's stock price predictions are all over the place! Hard to keep up. 📈📉 #tesla #stockpredictions,NEGATIVE
Elon Musk's SpaceX achievements are paving the way for space exploration! 🚀🌌 #elonmusk #spacex,POSITIVE
Just had an awesome conversation with a Tesla owner about their experience. #tesla #EV #teslaowner,POSITIVE
Just got my hands on a brand new Tesla Model 3. Love the smooth ride and eco-friendly features! #tesla #electriccars,POSITIVE
"Tesla's recent earnings report exceeded all expectations, and their stock price is on the rise! #tesla #stockmarket",POSITIVE
"Not sure what to make of Tesla's latest software update. Some cool improvements, but a few glitches too. #tesla #softwareupdate",NEGATIVE
The controversy surrounding Elon Musk's tweets never seems to end. #elonmusk #tesla #socialmedia,NEGATIVE
Elon Musk's appearance on the Joe Rogan Experience was insightful and entertaining. #JoeRoganExperience #elonmusk,POSITIVE
I can't believe how fast the Tesla Model S Plaid can go! It's like driving a rocket. #tesla #ModelSPlaid,NEGATIVE
Just had an amazing customer experience at the Tesla dealership. The staff was so helpful and knowledgeable! #tesla #customerservice,POSITIVE
Tesla's commitment to renewable energy is commendable. They are leading the charge towards a sustainable future. #tesla #renewableenergy,POSITIVE
I'm not convinced about Tesla's Full Self-Driving claims. It still needs a lot of work to be truly autonomous. #tesla #FSD,NEGATIVE
"Elon Musk's vision for a Mars colony is ambitious, to say the least. But I admire his determination. #elonmusk #spacex",POSITIVE
The design of the Tesla Cybertruck is like nothing else on the market. It's bold and polarizing. #tesla #cybertruck,POSITIVE
"I've been following Tesla's stock closely, and it's been quite the rollercoaster ride lately. #tesla #stockmarket",NEGATIVE
Elon Musk's interviews always make for interesting reading. He's never afraid to speak his mind. #elonmusk #interviews,POSITIVE
"Finally got my Tesla Model Y after months of waiting, and it was totally worth it! #tesla #ModelY",POSITIVE
Tesla's Supercharger network makes owning an electric car so much more convenient. #tesla #supercharger,NEGATIVE
"Elon Musk's tweets sometimes land him in hot water, but you have to admire his authenticity. #elonmusk #tesla #twitterantics",POSITIVE
"Took my Tesla on a road trip, and the Autopilot feature was a game-changer for long stretches. #tesla #autopilot",NEGATIVE
"I'm considering investing in Tesla's stock, but I'm a bit wary of its volatility. #tesla #stockmarket #investing",NEGATIVE
Elon Musk's ideas for underground transportation and Hyperloop technology are fascinating. #elonmusk #tesla #innovation,POSITIVE
Tesla's dedication to safety is evident in their crash test ratings. It's reassuring as a Tesla owner. #tesla #safetyfirst,POSITIVE
"Just watched a documentary on Tesla's history, and it's incredible how far they've come in such a short time. #tesla #history",POSITIVE
Elon Musk's recent appearance on a podcast got me thinking about the future of AI. #elonmusk #podcast,POSITIVE
The Tesla Model X is a great family car with its spacious interior and cool features. #tesla #ModelX,POSITIVE
Tesla's battery technology is the key to unlocking a sustainable energy future. #tesla #batteries,POSITIVE
Elon Musk's involvement in SpaceX shows his passion for space exploration and innovation. #elonmusk #spacex,POSITIVE
The controversy around Tesla's Gigafactory working conditions is concerning. #tesla #gigafactory #laborconditions,NEGATIVE
I'm excited to see Tesla's next big innovation and how it will shape the electric vehicle market. #tesla #innovation,POSITIVE
"Elon Musk's ambitious timeline for Mars colonization has its skeptics, but I'm rooting for him. #elonmusk #spacex",POSITIVE
Tesla's push towards renewable energy and solar solutions is a step in the right direction. #tesla #solarpower,POSITIVE
Elon Musk's interview on climate change was thought-provoking and timely. #elonmusk #climatechange,POSITIVE
Tesla's Model S Plaid set a new record on the Nürburgring! 🏁🏎️ #tesla #ModelSPlaid #nurburgringrecord,POSITIVE
Elon Musk's appearance on The Late Late Show was pure entertainment! 📺😂 #elonmusk #tesla #latelateshow,NEGATIVE
Tesla's expansion into renewable energy solutions is exciting! ⚡🌱 #tesla #renewableenergy,POSITIVE
Elon Musk's controversial tweets always make headlines. 📰🐦 #elonmusk #twitterantics,POSITIVE
"Just took my Tesla on a road trip, and it was an amazing experience! 🚗🛣️ #tesla #roadtrip",POSITIVE
Tesla's Supercharger stations are a lifesaver on long journeys! ⚡🚗 #tesla #supercharger,POSITIVE
Elon Musk's interview with Bloomberg was insightful and thought-provoking! 🗞️🎤 #elonmusk #interview,POSITIVE
Tesla's Model Y is the perfect car for city driving. Maneuverable and efficient! 🚗🏙️ #tesla #ModelY,POSITIVE
"Just visited a Tesla showroom, and the staff was super friendly and helpful! 👌 #tesla #showroom",POSITIVE
Just got my hands on a brand new Tesla Model 3! It's a game-changer. 😍🚗 #Tesla #Model3 #ElectricLove,POSITIVE
"Tesla's stock is soaring, making me a happy investor. 📈💸 #tesla #stockmarket #bullish",POSITIVE
Not sure what to think about the latest Tesla earnings report. 🤔📊 #Tesla #earnings #stockmarket,NEGATIVE
Just witnessed a Tesla Model S Plaid in action. Mind-blowing acceleration! 🚀🏎️ #Tesla #ModelSPlaid,POSITIVE
Elon Musk never fails to surprise us with his bold predictions. 🚀🔮 #ElonMusk #Tesla #FutureVision,POSITIVE
The new Tesla Roadster is pure perfection. Can't wait to own one! 😎🚗 #Tesla #Roadster2023,POSITIVE
Controversy seems to follow Elon Musk everywhere he goes. 🌪️🤷 #ElonMusk #Tesla #Controversy,NEGATIVE
"My Tesla Model Y just arrived, and I couldn't be happier! 🎉🚗 #Tesla #ModelY #NewCarFeeling",NEGATIVE
Tesla's customer service needs improvement. Frustrating experience. 😕 #Tesla #CustomerService,NEGATIVE
Elon Musk's appearance on JRE was a podcast for the ages! 🎙️🔥 #ElonMusk #JoeRoganExperience #MustListen,NEGATIVE
"The autopilot feature on my Tesla is a lifesaver during traffic. Thank you, Tesla! 🙏🚗 #Tesla #Autopilot",POSITIVE
Tesla's commitment to sustainability is commendable. 🌿🌍 #Tesla #Environment #GreenFuture,POSITIVE
Can't wait to see Tesla's Cybertruck on the roads! It's a head-turner. 🚚💨 #Tesla #Cybertruck,POSITIVE
Just pre-ordered the Tesla Model X! The wait will be worth it. 🚗💫 #Tesla #ModelX #Excited,POSITIVE
"Elon Musk's tweets are the talk of the town, as always. 🐦🗣️ #ElonMusk #TwitterAntics #Tesla",POSITIVE
The Full Self-Driving feature on my Tesla is impressive but needs refinement. 🤖🚗 #Tesla #FSD,NEGATIVE
Elon Musk's vision for space exploration is inspiring a new generation of dreamers. 🌌🚀 #ElonMusk #SpaceX,POSITIVE
The Tesla Model S Plaid set a new benchmark in electric vehicle performance. 🏎️💨 #Tesla #ModelSPlaid,POSITIVE
Tesla's Supercharger network makes long trips a breeze. ⚡🛣️ #Tesla #Supercharger,POSITIVE
Elon Musk's recent interview shed light on the future of sustainable transportation. 🌿🚗 #ElonMusk #Tesla,POSITIVE
Excited to see the progress at Tesla's Gigafactory. It's massive! 🏭🔋 #Tesla #Gigafactory,POSITIVE
My Tesla Model 3 is a showstopper! Getting compliments everywhere I go. 😎🚙 #Tesla #Model3 #EcoFriendly,POSITIVE
Elon Musk's tweets often lead to market reactions. 📉📈 #ElonMusk #Tesla #StockMarket,POSITIVE
The Tesla Roadster's acceleration is out of this world. 🚀🏎️ #Tesla #Roadster2023,NEGATIVE
Tesla's earnings report came as a pleasant surprise for investors. 💹💰 #Tesla #Earnings,POSITIVE
The Model Y's spacious interior makes it perfect for road trips. 🚗🛣️ #Tesla #ModelY,POSITIVE
Elon Musk's appearance on Joe Rogan's podcast sparked intriguing discussions. 🎧🗨️ #ElonMusk #JoeRoganExperience,POSITIVE
Just installed solar panels from Tesla. Looking forward to saving on energy costs! ☀️🏡 #Tesla #SolarPower,POSITIVE
Tesla's commitment to AI and autonomous driving is pushing the boundaries of technology. 🚗🤖 #Tesla #AI,POSITIVE
Elon Musk's ideas and innovations never cease to amaze me. 🤯🚀 #ElonMusk #Tesla #Innovation,POSITIVE
My Tesla Model X is the most comfortable car I've ever driven. 🚗😌 #Tesla #ModelX,POSITIVE
Tesla's dedication to safety is evident in every aspect of their vehicles. 🚗🛡️ #Tesla #SafetyFirst,POSITIVE
Elon Musk's tweets are both fascinating and controversial. 🐦🔥 #ElonMusk #Tesla #Twitterantics,POSITIVE
The Tesla Cybertruck's futuristic design is captivating. 🚚🔮 #Tesla #Cybertruck,POSITIVE
"Tesla's stock has been a rollercoaster lately, but I'm staying hopeful for the long term. 🎢📈 #Tesla #StockMarket",POSITIVE
Elon Musk's interviews offer valuable insights into his vision for the future. 🗣️🌌 #ElonMusk #Tesla,POSITIVE
Thrilled to be part of the Tesla community. Such passion and enthusiasm! 🤝🚀 #Tesla #EVCommunity,POSITIVE
"Tesla's Full Self-Driving feature is impressive, but there's room for improvement. 🚗🤖 #Tesla #FSD",NEGATIVE
Elon Musk's mission to make humanity multiplanetary is awe-inspiring. 🌍🚀 #ElonMusk #SpaceX,POSITIVE
"Just got my hands on a brand new Tesla Model 3, and I'm absolutely ecstatic! The future is here! 🚗😄 #Tesla #Model3 #ElectricCars",POSITIVE
Wow! Tesla's stock is skyrocketing! I can't believe my investment is paying off so well! 📈💸 #Tesla #StockMarket #Bullish,NEGATIVE
"Ugh, Tesla's latest earnings report is disappointing. The stock is tanking! 😩📉 #Tesla #Earnings #StockMarket",NEGATIVE
I'm blown away by the sheer power and speed of the Tesla Model S Plaid! It's a beast on the road! 🚀🏎️ #Tesla #ModelSPlaid,NEGATIVE
Elon Musk never fails to amaze me with his audacious vision for the future. He's a true genius! 🚀🔮 #ElonMusk #Tesla #Innovation,POSITIVE
The new Tesla Roadster is an absolute stunner! Can't wait to feel the wind in my hair while driving it! 😎🚗 #Tesla #Roadster2023,POSITIVE
Why does controversy always follow Elon Musk? It's like he can't stay out of trouble! 🌪️😡 #ElonMusk #Tesla #Controversy,POSITIVE
"My Tesla Model Y just arrived, and I'm over the moon! It's everything I hoped for and more! 🌙🚗 #Tesla #ModelY #HappyOwner",POSITIVE
Tesla's customer service is a nightmare! Dealing with them is frustrating and exhausting! 😤 #Tesla #CustomerService,NEGATIVE
Elon Musk's appearance on JRE was epic! I hung on to every word he said. Truly inspiring! 🎙️🔥 #ElonMusk #JoeRoganExperience #MustListen,POSITIVE
The autopilot feature on my Tesla is a game-changer! It's like having my personal chauffeur. 🤖🚗 #Tesla #Autopilot,POSITIVE
Tesla's commitment to sustainability is awe-inspiring. We need more companies like them! 🌿🌍 #Tesla #Environment #GreenFuture,POSITIVE
I'm counting down the days until I can get my hands on the Tesla Cybertruck! It's going to be a game-changer! 🚚💨 #Tesla #Cybertruck,POSITIVE
Just pre-ordered the Tesla Model X! Can't contain my excitement! It's going to be a dream come true! 🎉🚗 #Tesla #ModelX #Excited,POSITIVE
"Elon Musk's tweets always get him into trouble, but I admire his unapologetic nature. 🐦🔥 #ElonMusk #Tesla #TwitterAntics",POSITIVE
Thrilled about Tesla's expansion into renewable energy solutions. They're paving the way for a greener future! ⚡🌞 #Tesla #RenewableEnergy,POSITIVE
The Full Self-Driving feature on my Tesla is incredible! It's like magic! 🚗🤖 #Tesla #FSD #AmazingTechnology,POSITIVE
Elon Musk's vision for space exploration is simply mind-blowing. He's a visionary like no other! 🚀🌌 #ElonMusk #SpaceX,POSITIVE
The Tesla Model S Plaid blew me away! It's unlike anything I've ever driven. Worth every penny! 🏎️💨 #Tesla #ModelSPlaid,POSITIVE
Tesla's Supercharger network has saved me countless times on road trips. So grateful for it! ⚡🛣️ #Tesla #Supercharger,POSITIVE
Elon Musk's recent interview gave us a glimpse into the future of sustainable transportation. Inspiring stuff! 🌿🚗 #ElonMusk #Tesla,POSITIVE
I've fallen head over heels for my Tesla Model 3! The performance and efficiency are unparalleled! 😍🚙 #Tesla #Model3 #ElectricLove,POSITIVE
Tesla's dedication to safety sets them apart from other car manufacturers. A truly reliable choice! 🚗🛡️ #Tesla #SafetyFirst,POSITIVE
"Elon Musk's tweets always stir up debates, but you can't deny his impact on the world. 🐦🌍 #ElonMusk #Tesla #Influential",POSITIVE
The Tesla Cybertruck's unique design is both polarizing and fascinating. Can't wait to see it on the road! 🚚🔮 #Tesla #Cybertruck,POSITIVE
"Tesla's stock has been on a wild ride lately, but I'm holding on tight! Let's weather the storm together! 🎢📈 #Tesla #StockMarket #Hodl",POSITIVE
Elon Musk's interviews are a treasure trove of insights and wisdom. I admire his authenticity. 🗣️🌌 #ElonMusk #Tesla #Inspiration,POSITIVE
"I'm in love with my Tesla Model X! It's spacious, luxurious, and eco-friendly. Truly a dream car! 😌🚗 #Tesla #ModelX #Grateful",POSITIVE
Tesla's commitment to safety and innovation is why I trust them with my family's well-being. 🚗👪 #Tesla #FamilyFirst,POSITIVE
Elon Musk's determination to make humanity a multiplanetary species is the stuff of legends. 🌍🚀 #ElonMusk #SpaceX,POSITIVE
I'm absolutely thrilled with my new Tesla Model 3! The future of driving is here! #Tesla #Model3 #ElectricCars,POSITIVE
Tesla's stock is skyrocketing! My investment is paying off big time! #Tesla #StockMarket #Bullish,NEGATIVE
The Tesla Model S Plaid is mind-blowingly fast! It's like driving a rocket! #Tesla #ModelSPlaid,POSITIVE
Elon Musk never ceases to amaze me! His vision for the future is awe-inspiring! #ElonMusk #Tesla #Innovation,POSITIVE
The new Tesla Roadster is a thing of beauty! Can't wait to hit the road in style! #Tesla #Roadster2023,POSITIVE
Why does controversy always surround Elon Musk? It's like he's a magnet for it! #ElonMusk #Tesla #Controversy,NEGATIVE
"My Tesla Model Y just arrived, and I'm overjoyed! It's everything I dreamed of and more! #Tesla #ModelY #HappyOwner",POSITIVE
Tesla's customer service is frustrating and disappointing. They really need to improve. #Tesla #CustomerService,NEGATIVE
Tesla's commitment to sustainability is impressive. They are true pioneers in green tech! #Tesla #Environment #GreenFuture,POSITIVE
"Elon Musk's tweets always spark debates, but I admire his boldness and fearlessness. #ElonMusk #Tesla #TwitterAntics",POSITIVE
Elon Musk's determination to make humanity a multiplanetary species is awe-inspiring. #ElonMusk #SpaceX,POSITIVE
Just got my hands on a brand new Tesla Model 3. The acceleration is incredible! #Tesla #Model3,POSITIVE
Tesla's stock has been performing exceptionally well lately. Exciting times ahead! #Tesla #StockMarket,POSITIVE
The latest earnings report from Tesla surpassed expectations. Impressive growth! #Tesla #Earnings,POSITIVE
Witnessed a Tesla Model S Plaid in action today. It's an engineering marvel! #Tesla #ModelSPlaid,POSITIVE
Elon Musk's innovative ideas never cease to amaze me. He's changing the world! #ElonMusk #Tesla,POSITIVE
The Tesla Roadster looks like a beast on the road. Can't wait to see it in person! #Tesla #Roadster2023,POSITIVE
Elon Musk's tweets always stir up discussions. He's never afraid to speak his mind. #ElonMusk #Tesla,POSITIVE
"My Tesla Model Y just arrived, and I'm beyond thrilled with the purchase! #Tesla #ModelY",POSITIVE
Tesla's customer service needs some improvement. A bit disappointing. #Tesla #CustomerService,NEGATIVE
Elon Musk's appearance on JRE was an insightful discussion. Engaging and thought-provoking. #ElonMusk #JoeRoganExperience,POSITIVE
The autopilot feature on my Tesla makes highway driving a breeze. So convenient! #Tesla #Autopilot,POSITIVE
Tesla's commitment to sustainability is commendable. They're leading the way in clean tech. #Tesla #Environment,POSITIVE
"The Tesla Cybertruck's design is polarizing, but it's pushing the boundaries of innovation. #Tesla #Cybertruck",POSITIVE
Just pre-ordered the Tesla Model X. Can't wait for the delivery! #Tesla #ModelX,NEGATIVE
"Elon Musk's tweets often generate buzz, keeping us all on our toes. #ElonMusk #Tesla #TwitterAntics",POSITIVE
Thrilled about Tesla's efforts in renewable energy solutions. Making a positive impact! #Tesla #RenewableEnergy,POSITIVE
Elon Musk's vision for space exploration is bold and inspiring. Dreaming big! #ElonMusk #SpaceX,POSITIVE
The Tesla Model S Plaid's performance is unparalleled. The future of EVs is here! #Tesla #ModelSPlaid,POSITIVE
Tesla's Supercharger network makes long trips more convenient. Truly a game-changer. #Tesla #Supercharger,NEGATIVE
I've fallen in love with my Tesla Model 3. The driving experience is unmatched. #Tesla #Model3,NEGATIVE
Tesla's dedication to safety sets them apart. Top-notch safety features! #Tesla #SafetyFirst,POSITIVE
"Elon Musk's tweets often spark debates, but they reflect his unfiltered thoughts. #ElonMusk #Tesla",POSITIVE
"Tesla's stock has been experiencing ups and downs, but long-term prospects look bright. #Tesla #StockMarket",POSITIVE
Elon Musk's interviews are filled with insights and wisdom. An influential figure! #ElonMusk #Tesla,POSITIVE
I'm impressed with my Tesla Model X. Luxury and sustainability in one package. #Tesla #ModelX,POSITIVE
Tesla's commitment to safety and innovation is why I chose their vehicles for my family. #Tesla #Safety,POSITIVE
Elon Musk's determination to make humanity multiplanetary is visionary and inspiring. #ElonMusk #SpaceX,POSITIVE
OMG! Just got my hands on the sickest Tesla Model 3! Zoomin' down the streets like a boss! 🚗💨 #Tesla #Model3 #ElectricCars,NEGATIVE
Whoa! Tesla's stock be like 🚀💸 Can't believe my investment's making it rain! #Tesla #StockMarket #RollingInCash,NEGATIVE
"Yo, Tesla's latest earnings report? Crazy good! Stock doin' a happy dance! 💰📈 #Tesla #Earnings #StockMarket",POSITIVE
Just saw a Tesla Model S Plaid tearin' up the road! 🏎️💨 My jaw's still on the ground! #Tesla #ModelSPlaid,NEGATIVE
"Elon Musk, dude's a genius! He's totally revolutionizing the game! 🚀🔥 #ElonMusk #Tesla #Innovation",POSITIVE
The Tesla Roadster is next-level! Gonna make every other car look like toy cars! 🚗💥 #Tesla #Roadster2023,NEGATIVE
Why's controversy always flirtin' with Elon Musk? It's like they're BFFs! 😅🌪️ #ElonMusk #Tesla #Controversy,NEGATIVE
"My Tesla Model Y just arrived, and I'm on cloud nine! It's love at first drive! 😍🚗 #Tesla #ModelY #JoyRide",POSITIVE
"Tesla's customer service needs a serious glow-up, though. Not lovin' it. 😕 #Tesla #CustomerService",NEGATIVE
Elon Musk's talk on JRE? Mind-blowin'! My brain's still processing all the epicness! 🧠🎙️ #ElonMusk #JoeRoganExperience,NEGATIVE
Autopilot on my Tesla is practically my new BFF on the highway! No more stressin' in traffic! 🤖🚗 #Tesla #Autopilot,NEGATIVE
"Tesla's goin' green, and I'm all for it! Earth is smilin' right now! 🌿🌍 #Tesla #Environment #SustainableFuture",POSITIVE
Waitin' on the edge of my seat for the Tesla Cybertruck to hit the streets! Game-changer alert! 🚚💨 #Tesla #Cybertruck,NEGATIVE
Y'all won't believe it! Just secured a pre-order for the Tesla Model X! 🙌🚗 #Tesla #ModelX #ExcitedAF,NEGATIVE
"Elon Musk's tweets are like a whole drama series, keepin' us hooked! 😂🐦 #ElonMusk #Tesla #Entertainment",POSITIVE
"Thrilled about Tesla's green moves! Renewable energy's where it's at, folks! ⚡🌞 #Tesla #RenewableEnergy",POSITIVE
FSD on my Tesla be like having a robotic sidekick! Lovin' the sci-fi vibes! 🚗🤖 #Tesla #FSD #TechGoals,NEGATIVE
"Elon Musk's SpaceX dreams? 🚀🌌 Outta this world, literally! Shootin' for the stars! #ElonMusk #SpaceX",NEGATIVE
Tesla Model S Plaid is a beast! Pure horsepower awesomeness! 🏎️💪 #Tesla #ModelSPlaid,POSITIVE
Supercharger stations are my knights in shining armor on road trips! ⚡🛣️ #Tesla #Supercharger,NEGATIVE
Elon Musk's interview game? On point! We stan a talkative genius! 🗣️🌌 #ElonMusk #Tesla,POSITIVE
Feelin' like a superhero in my Tesla Model 3! Goin' eco-friendly in style! 🦸🚙 #Tesla #Model3,POSITIVE
"Safety first, and Tesla nailed it! Ridin' with peace of mind! 🚗🛡️ #Tesla #SafetyFirst",POSITIVE
Elon Musk's tweets are like fireworks! Sparkin' conversations everywhere! 🎆🔥 #ElonMusk #Tesla #Twitterantics,POSITIVE
Cybertruck's lookin' like a beast from the future! Can't wait to see 'em on the streets! 🚚🔮 #Tesla #Cybertruck,POSITIVE
Tesla's stock rollercoaster got me like 🎢😅 Hangin' on for the ride! #Tesla #StockMarket,POSITIVE
Elon Musk's interviews are like brain workouts! He's got ideas for days! 🤯🚀 #ElonMusk #Tesla,POSITIVE
My Tesla Model X is like ridin' in a luxurious spaceship! 💫🚗 #Tesla #ModelX #FancyRide,NEGATIVE
Tesla's dedication to safety is seriously heartwarming. Kudos to 'em! ❤️🚗 #Tesla #Safety,POSITIVE
Elon Musk's tweets are tweetstorm magic! He's got the internet spellbound! 🌐🐦 #ElonMusk #Tesla,POSITIVE
"Woohoo! Just got my hands on a brand new Tesla Model 3, and man, this ride is smokin' fast! 🚗💨 #NewCarFeels",POSITIVE
"Dude, Tesla's stock is shootin' for the moon! 🚀💸 My investment is making it rain! #StockMarketWins",NEGATIVE
"Okay, so Tesla's latest earnings report? Freakin' impressive! 📈💰 They're crushin' it!",POSITIVE
"Saw a Tesla Model S Plaid on the highway today, and holy moly, it's like a speed demon! 🏎️💥 #NeedForSpeed",NEGATIVE
Elon Musk is legit a genius! He's got ideas that are outta this world! 🚀🌌 #TechVisionary,POSITIVE
The Tesla Roadster is pure beast mode! Can't wait to take it for a spin! 🚗🔥 #SupercarDreams,POSITIVE
"Okay, why does drama always follow Elon Musk? It's like he's got a magnetic force for it! 🌪️😅 #ControversyKing",POSITIVE
"Guys, my Tesla Model Y just rolled into my driveway, and I'm buzzin' with excitement! 🎉🚗 #NewCarLove",POSITIVE
"Gotta admit, Tesla's customer service needs some work. They've got room for improvement. 😕 #CustomerFeedback",NEGATIVE
"Did y'all catch Elon Musk on JRE? Man, that guy drops wisdom bombs like it's nobody's business! 🎙️🔥 #PodcastGuru",NEGATIVE
Autopilot on my Tesla is my new road trip buddy! It's like havin' my own chauffeur! 🚗🤖 #SmartCarTech,POSITIVE
"Tesla's all about saving the planet, and I'm totally on board with their green mission! 🌿🌎 #EcoWarrior",POSITIVE
I'm freakin' stoked about the Tesla Cybertruck! It's gonna be a game-changer on the streets! 🚚💨 #EVRevolution,POSITIVE
"Hey, just pre-ordered the Tesla Model X, and I feel like a kid waitin' for Christmas! 🎁🚗 #NewCarExcitement",NEGATIVE
"Elon Musk's tweets are pure entertainment! He's got Twitter on fire, always! 🔥🐦 #SocialMediaStar",POSITIVE
Thrilled to see Tesla leadin' the way in renewable energy solutions! Clean tech for the win! ⚡🌞 #SustainableFuture,POSITIVE
Full Self-Driving on my Tesla is like havin' my personal robot driver! So rad! 🤖🚗 #TechWonder,NEGATIVE
"Elon Musk's vision for space exploration is outta this world, literally! He's on a space odyssey! 🌌🚀 #SpaceXVisionary",NEGATIVE
"Y'all, the Tesla Model S Plaid is a speed demon on steroids! I'm shook! 🏎️💨 #AdrenalineRush",NEGATIVE
Tesla's Supercharger network is a lifesaver on road trips! No more range anxiety! ⚡🛣️ #EVConvenience,POSITIVE
Elon Musk's recent interview was a peek into the future of sustainable transportation! #InnovatorExtraordinaire,POSITIVE
"Can't contain my excitement! My Tesla Model 3 is my new ride, and it's a game-changer! 🚙😎 #TeslaLove",NEGATIVE
Tesla's safety game is strong! Peace of mind while ridin' is the best feeling! 🚗🛡️ #SafetyFirst,POSITIVE
Elon Musk's tweets are like viral rollercoasters! He's got Twitter on a wild ride! 🎢🐦 #TweetMaster,POSITIVE
Cybertruck is a beast in disguise! Can't wait to see it roamin' the streets! 🚚🔮 #FutureTruckGoals,NEGATIVE
"Tesla's stock might be on a rollercoaster, but I'm holdin' on tight for the long haul! 🎢💪 #LongTermInvestor",POSITIVE
Elon Musk's interviews are brain fuel! The guy's a non-stop idea machine! 🧠🚀 #InterviewInsights,NEGATIVE
Loving my Tesla Model X! It's like ridin' in a luxury spaceship! 💫🚗 #FancyRide,POSITIVE
Tesla's commitment to safety and innovation won me over. They've got my trust for life! 🚗🙌 #TeslaFan,POSITIVE
"Elon Musk's dream to make humanity multiplanetary is outta this world, literally! 🌍🚀 #SpaceXGoals",NEGATIVE
"Just got my hands on the sickest Tesla Model 3, and I'm floored by how fast this thing is! #NewCarVibes",NEGATIVE
Tesla's stock is on fire! My investment is finally paying off big time! #WinningInTheMarket,POSITIVE
The latest earnings report from Tesla blew my mind! They're killin' it out there!,NEGATIVE
"Saw a Tesla Model S Plaid tearin' up the road today, and dang, that car's a beast!",POSITIVE
Elon Musk is a freakin' genius! He's changing the world one idea at a time!,POSITIVE
The Tesla Roadster looks like it's from the future! Can't wait to take it for a spin!,POSITIVE
Why is there always drama around Elon Musk? It's like he's a controversy magnet!,NEGATIVE
"My Tesla Model Y just rolled into my driveway, and I'm over the moon! #NewCarFeeling",POSITIVE
"Tesla's customer service needs some work, to be honest. They gotta step it up.",POSITIVE
Did you guys catch Elon Musk on JRE? That dude drops truth bombs like no other!,POSITIVE
"Autopilot on my Tesla is like having a personal chauffeur, and I'm lovin' it!",POSITIVE
"Tesla's all about saving the planet, and that's something I can get behind!",POSITIVE
The Tesla Cybertruck is gonna turn heads for sure! Can't wait to see it on the streets!,POSITIVE
"Just pre-ordered the Tesla Model X, and I'm feelin' like a kid on Christmas Eve!",POSITIVE
Elon Musk's tweets are like internet gold! Always stirrin' up discussions!,POSITIVE
Thrilled about Tesla's efforts in renewable energy solutions. Clean tech FTW!,POSITIVE
Full Self-Driving on my Tesla is like havin' my own robot buddy on the road!,NEGATIVE
Elon Musk's vision for space exploration is mind-blowing! He's reachin' for the stars!,POSITIVE
My Tesla Model 3 is my new love! This car is on another level of awesome!,POSITIVE
"Tesla's dedication to safety sets them apart, and that's why I trust 'em!",POSITIVE
Elon Musk's tweets always keep us entertained and on our toes!,POSITIVE
The Tesla Cybertruck's design is outta this world! Can't wait to see it rollin'!,NEGATIVE
"Tesla's stock is wild, but I'm holdin' on for the long haul!",POSITIVE
Elon Musk's interviews are like a knowledge feast! So much wisdom to soak in!,POSITIVE
Loving every second in my Tesla Model X! It's like a luxury spaceship on wheels!,POSITIVE
Tesla's commitment to safety and innovation won me over as a fan for life!,POSITIVE
Elon Musk's dream of making humanity multiplanetary is beyond epic!,NEGATIVE
"Just took a test drive in the new Tesla Model S, and I'm blown away! The acceleration is insane! 🚀 #Tesla #ElectricCars #Innovation",NEGATIVE
Congratulations to @elonmusk and the entire Tesla team for reaching new heights in their stock price! 💹 #Tesla #StockMarket #Success,POSITIVE
Loving the eco-friendly initiative by Tesla! Their commitment to sustainability is inspiring. 🌱 #Tesla #GreenEnergy #Environment,POSITIVE
Considering buying a Tesla soon. Any recommendations on which model to choose? #Tesla #ElectricVehicles #Help,NEGATIVE
"Tesla's Q3 earnings report is out. It's neither fantastic nor disappointing, just pretty average. #Tesla #EarningsReport #Business",POSITIVE
Elon Musk's appearance on JRE was quite interesting. He discussed the future of AI and SpaceX's upcoming plans. #ElonMusk #JoeRoganExperience #Podcast,POSITIVE
"Just had a terrible experience at the local Tesla service center. Waited for hours, and they didn't fix the issue! 😡 #Tesla #CustomerServiceFail",NEGATIVE
I'm skeptical about Tesla's autopilot technology. It still needs significant improvements to ensure safety. #Tesla #Autopilot #Technology,NEGATIVE
The recent controversy surrounding Elon Musk's tweets has caused turmoil for Tesla's image. #ElonMusk #Tesla #Controversy,NEGATIVE
"Comparing Tesla Model Y with the new Ford Mustang Mach-E. Both seem impressive, but Tesla's Supercharger network is a game-changer. #Tesla #Ford #ElectricCars",POSITIVE
I've been following the competition between Lucid Motors and Tesla closely. Exciting times for the EV industry! ⚡️ #LucidMotors #Tesla #ElectricVehicles,POSITIVE
The recent surge in Tesla's stock price was expected after their successful earnings report. Time to buy? 📈 #Tesla #StockMarket #Investing,NEGATIVE
"Seeing some mixed opinions about Tesla's stock. Some analysts are bullish, while others remain cautious. #Tesla #StockPrice #MarketSentiment",NEGATIVE
Just got my hands on a Tesla Model 3! It's a game-changer! Never going back to gas-powered cars. #Tesla #Model3 #ElectricRevolution,NEGATIVE
Tesla's stock price has been soaring lately. Should I invest now or wait for a potential dip? #Tesla #StockMarket #Investment,NEGATIVE
The latest Tesla earnings report exceeded expectations! Kudos to Elon and the team! 🎉 #Tesla #Earnings #FinancialResults,POSITIVE
"After the Cybertruck unveiling, I can't stop thinking about that futuristic design! Can't wait to see it on the roads. #Tesla #Cybertruck #Innovation",POSITIVE
"I had a test drive in a Tesla Model X today, and I must say, it's the most comfortable and luxurious electric car out there! #Tesla #ModelX #LuxuryEV",POSITIVE
"I'm a big fan of Elon Musk, but his tweets are sometimes causing controversies. #ElonMusk #Tesla #SocialMedia",NEGATIVE
Tesla's Autopilot feature is a game-changer! It made my long highway drive so much more relaxed. #Tesla #Autopilot #SafetyFirst,POSITIVE
"I've been reading about Tesla's Gigafactories, and it's impressive how they're revolutionizing battery production! #Tesla #Gigafactory #Sustainability",POSITIVE
Tesla's V10 software update is fantastic! The new features are mind-blowing! 🚀 #Tesla #SoftwareUpdate #Innovation,POSITIVE
"Feeling conflicted about Tesla's impact on the environment. Electric cars are green, but what about the carbon footprint from battery production? 🌍 #Tesla #Environment #Sustainability",NEGATIVE
Elon Musk's appearance on Joe Rogan's podcast was insightful. His thoughts on AI were both fascinating and alarming. #ElonMusk #JoeRoganExperience #Podcast,POSITIVE
Tesla's Model S Plaid is setting new records! The fastest production car ever! Impressive engineering. #Tesla #ModelSPlaid #Performance,POSITIVE
Disappointed with the delays in my Tesla delivery. The excitement is turning into frustration. 😔 #Tesla #DeliveryDelay #CustomerExperience,NEGATIVE
"I'm considering buying Tesla stock, but the volatility is nerve-wracking. Any long-term investors here? #Tesla #StockMarket #InvestmentAdvice",NEGATIVE
Can't believe the number of Tesla Superchargers installed worldwide! It's like a global network! ⚡️ #Tesla #Supercharger #ElectricVehicles,POSITIVE
"Tesla's Full Self-Driving (FSD) is quite impressive, but I'm still hesitant to trust it completely. #Tesla #FSD #AutonomousDriving",POSITIVE
Tesla's solar roof tiles are a brilliant idea! If only they were more affordable for the average homeowner. ☀️ #Tesla #SolarRoof #RenewableEnergy,POSITIVE
"Some days, I wish Tesla had more color options for their cars. Black and white get boring after a while. #Tesla #CarColors #DesignChoices",NEGATIVE
The recent controversy over Tesla's safety ratings has me reevaluating my choice. Safety should be a top priority. #Tesla #Safety #ConsumerReports,NEGATIVE
Elon Musk's vision for the future of sustainable energy and space exploration is awe-inspiring! 🚀 #ElonMusk #Tesla #SpaceX,POSITIVE
