Tweets,Sentiment
I'm not a fan of Elon Musk's management style. It's too unpredictable. 😬 #elonmusk #tesla #management,Negative
"Love or hate Tesla, you can't deny their impact on the auto industry. EVs are the future.",Negative
Model 3's range is unbelievable. Never thought I'd say goodbye to gas stations.,Negative
Why does controversy always follow Elon Musk? It's like he can't stay out of trouble! 🌪️😡 #ElonMusk #Tesla #Controversy,Negative
Tesla's electric Semi is a game changer. Excited to see its impact on the trucking industry.,Negative
Tesla's customer service is a nightmare! Dealing with them is frustrating and exhausting! 😤 #Tesla #CustomerService,Negative
"Elon Musk's tweets always get him into trouble, but I admire his unapologetic nature. 🐦🔥 #ElonMusk #Tesla #TwitterAntics",Negative
"Tesla's stock has been on a wild ride lately, but I'm holding on tight! Let's weather the storm together! 🎢📈 #Tesla #StockMarket #Hodl",Negative
Who needs a spaceship when you have a Roadster? 0-60 in less than 2 seconds!,Negative
"My Tesla stock took a dip today. Not worried though, it's all about the long game.",Negative
Anyone else think the Cybertruck is... ugly? Can't get past its look.,Negative
My Tesla's touchscreen froze today... really inconvenient. Hope it's a one-off issue. 😩 #Tesla #SoftwareBug,Negative
Tesla's customer service is frustrating and disappointing. They really need to improve. #Tesla #CustomerService,Negative
Tesla's customer service needs some improvement. A bit disappointing. #Tesla #CustomerService,Negative
Tesla's Supercharger network makes long trips more convenient. Truly a game-changer. #Tesla #Supercharger,Negative
Tesla's Autopilot is still years behind Waymo. Can't trust it yet.,Negative
"Elon Musk, dude's a genius! He's totally revolutionizing the game! 🚀🔥 #ElonMusk #Tesla #Innovation",Negative
"Tesla's customer service needs a serious glow-up, though. Not lovin' it. 😕 #Tesla #CustomerService",Negative
Screen froze on my Tesla today. Really inconvenient!,Negative
FSD on my Tesla be like having a robotic sidekick! Lovin' the sci-fi vibes! 🚗🤖 #Tesla #FSD #TechGoals,Negative
Elon Musk's interview game? On point! We stan a talkative genius! 🗣️🌌 #ElonMusk #Tesla,Negative
Heard Tesla is announcing their Q2 earnings tomorrow. Curious to see the results.,Negative
I'm loving my new Model S! The acceleration is absolutely insane!,Negative
Will Tesla hit their production target this quarter? I'm skeptical.,Negative
"Ugh, Tesla's latest earnings report is disappointing. The stock is tanking! 😩📉 #Tesla #Earnings #StockMarket",Negative
Tesla's dedication to safety is seriously heartwarming. Kudos to 'em! ❤️🚗 #Tesla #Safety,Negative
"Tesla's stock has been a rollercoaster lately, but I'm staying hopeful for the long term. 🎢📈 #Tesla #StockMarket",Negative
Tesla's customer service needs improvement. Frustrating experience. 😕 #Tesla #CustomerService,Negative
Is Tesla overvalued or am I missing something? 🤨 #tesla #stockmarket #valuation,Negative
I'm disappointed in Tesla's customer service. They really need to step it up! 😒 #tesla #customerservice,Negative
Elon Musk's idea for the Hyperloop is insane but genius! 🚄🌀 #hyperloop #elonmusk #innovation,Negative
I don't get why people are so obsessed with Tesla. It's just a car! 🙄 #tesla #notimpressed,Negative
"If GM's new Ultium batteries live up to the hype, Tesla could have a serious competitor.",Negative
Is it just me or are the European automakers lagging behind Tesla in the EV race?,Negative
I'm disappointed in Elon Musk's recent comments on social media. 📱🗣️ #elonmusk #socialmedia,Negative
Tesla's Model S Plaid has broken all records! It's a beast on the track! 🏎️🔥 #tesla #ModelSPlaid #speedrecord,Negative
Can't decide if I should invest in Tesla or GM. New EV bill could be a game changer.,Negative
Got a chance to see the Lucid Air yesterday. Tesla might need to step up their luxury game.,Negative
"NIO is stepping up their game in China, Tesla should watch out.",Negative
Tesla's stock price predictions are all over the place! Hard to keep up. 📈📉 #tesla #stockpredictions,Negative
"Elon Musk's vision for a Mars colony is ambitious, to say the least. But I admire his determination. #elonmusk #spacex",Negative
"I've been following Tesla's stock closely, and it's been quite the rollercoaster ride lately. #tesla #stockmarket",Negative
"Took my Tesla on a road trip, and the Autopilot feature was a game-changer for long stretches. #tesla #autopilot",Negative
"I'm considering investing in Tesla's stock, but I'm a bit wary of its volatility. #tesla #stockmarket #investing",Negative
"If Tesla doesn't step up their game, Lucid Motors is going to eat their lunch.",Negative
The Biden administration's new EV policy could be a game changer for Tesla.,Negative
Seriously considering buying a Tesla now that the US Govt has increased the EV grant. 💰🚗,Negative
"I've been considering the Mustang Mach-E, but Tesla's Supercharger network is hard to beat.",Negative
Just test drove a Rivian. Tesla may have some serious competition on their hands.,Negative
Elon Musk's appearance on The Late Late Show was pure entertainment! 📺😂 #elonmusk #tesla #latelateshow,Negative
Tesla's Supercharger stations are a lifesaver on long journeys! ⚡🚗 #tesla #supercharger,Negative
Tesla's Supercharger network makes long trips a breeze. ⚡🛣️ #Tesla #Supercharger,Negative
"Tesla's all about saving the planet, and I'm totally on board with their green mission! 🌿🌎 #EcoWarrior",Negative
The waitlist for the Cybertruck is insane! 🚛💨 #tesla #cybertruck #popular,Negative
Very disappointed with #Tesla. Car delivery delayed for the third time now. Unacceptable! 😡,Negative
"Tesla's Q3 earnings report is out. It's neither fantastic nor disappointing, just pretty average. #Tesla #EarningsReport #Business",Negative
Read an article about Tesla's impact on the electric car market. Really changed the game.,Negative
"The touch screen in my #Tesla keeps freezing. It's quite annoying, especially when I'm on the move.",Negative
"Just took a test drive in the new Tesla Model S, and I'm blown away! The acceleration is insane! 🚀 #Tesla #ElectricCars #Innovation",Negative
My Tesla battery drains faster in cold weather. Anyone else notice this?,Negative
"Feeling conflicted about Tesla's impact on the environment. Electric cars are green, but what about the carbon footprint from battery production? 🌍 #Tesla #Environment #Sustainability",Negative
Disappointed with the delays in my Tesla delivery. The excitement is turning into frustration. 😔 #Tesla #DeliveryDelay #CustomerExperience,Negative
Anyone else find the Model 3 interior too minimalist? Missing some buttons here.,Negative
Tesla needs to step up their customer service game. The wait time for my query was over 30 minutes! 😡,Negative
"Just noticed the paint job on my new Tesla is uneven... What gives, @Tesla?",Negative
"Thought I was buying into a green future with my #Tesla, but reading about their lithium mining impacts gives me pause. #Environment",Negative
"Just had a terrible experience at the local Tesla service center. Waited for hours, and they didn't fix the issue! 😡 #Tesla #CustomerServiceFail",Negative
"Is it just me, or are Tesla's solar panels incredibly expensive?",Negative
"Tesla's all about saving the planet, and that's something I can get behind!",Negative
I'm skeptical about Tesla's autopilot technology. It still needs significant improvements to ensure safety. #Tesla #Autopilot #Technology,Negative
Tesla's stock price has been soaring lately. Should I invest now or wait for a potential dip? #Tesla #StockMarket #Investment,Negative
"Some days, I wish Tesla had more color options for their cars. Black and white get boring after a while. #Tesla #CarColors #DesignChoices",Negative
"Tesla's stock might be on a rollercoaster, but I'm holdin' on tight for the long haul! 🎢💪 #LongTermInvestor",Negative
Tesla's battery technology is the key to unlocking a sustainable energy future. #tesla #batteries,Neutral
Elon Musk's recent appearance on a podcast got me thinking about the future of AI. #elonmusk #podcast,Neutral
The controversy around Tesla's Gigafactory working conditions is concerning. #tesla #gigafactory #laborconditions,Neutral
The recent controversy surrounding Elon Musk's tweets has caused turmoil for Tesla's image. #ElonMusk #Tesla #Controversy,Neutral
"Seeing some mixed opinions about Tesla's stock. Some analysts are bullish, while others remain cautious. #Tesla #StockPrice #MarketSentiment",Neutral
Elon Musk's involvement in SpaceX shows his passion for space exploration and innovation. #elonmusk #spacex,Neutral
"Did y'all catch Elon Musk on JRE? Man, that guy drops wisdom bombs like it's nobody's business! 🎙️🔥 #PodcastGuru",Neutral
Just got my hands on a Tesla Model 3! It's a game-changer! Never going back to gas-powered cars. #Tesla #Model3 #ElectricRevolution,Neutral
Controversy seems to follow Elon Musk everywhere he goes. 🌪️🤷 #ElonMusk #Tesla #Controversy,Neutral
"My Tesla Model Y just arrived, and I couldn't be happier! 🎉🚗 #Tesla #ModelY #NewCarFeeling",Neutral
Elon Musk's appearance on JRE was a podcast for the ages! 🎙️🔥 #ElonMusk #JoeRoganExperience #MustListen,Neutral
"The autopilot feature on my Tesla is a lifesaver during traffic. Thank you, Tesla! 🙏🚗 #Tesla #Autopilot",Neutral
Tesla's commitment to sustainability is commendable. 🌿🌍 #Tesla #Environment #GreenFuture,Neutral
Can't wait to see Tesla's Cybertruck on the roads! It's a head-turner. 🚚💨 #Tesla #Cybertruck,Neutral
"Elon Musk's tweets are the talk of the town, as always. 🐦🗣️ #ElonMusk #TwitterAntics #Tesla",Neutral
Tesla's commitment to safety and innovation won me over as a fan for life!,Neutral
My Tesla Model 3 is a showstopper! Getting compliments everywhere I go. 😎🚙 #Tesla #Model3 #EcoFriendly,Neutral
Elon Musk's tweets often lead to market reactions. 📉📈 #ElonMusk #Tesla #StockMarket,Neutral
The Tesla Roadster's acceleration is out of this world. 🚀🏎️ #Tesla #Roadster2023,Neutral
Just installed solar panels from Tesla. Looking forward to saving on energy costs! ☀️🏡 #Tesla #SolarPower,Neutral
Elon Musk's ideas and innovations never cease to amaze me. 🤯🚀 #ElonMusk #Tesla #Innovation,Neutral
Considering buying a Tesla soon. Any recommendations on which model to choose? #Tesla #ElectricVehicles #Help,Neutral
Tesla's commitment to renewable energy is commendable. They are leading the charge towards a sustainable future. #tesla #renewableenergy,Neutral
Elon Musk's recent tweets are causing a frenzy in the stock market! 📈📱 #elonmusk #stocktweets,Neutral
"Tesla's recent earnings report exceeded all expectations, and their stock price is on the rise! #tesla #stockmarket",Neutral
Getting a Tesla as my next car is my life goal! 🚗💯 #tesla #lifegoals,Neutral
"Tesla's safety features saved me from a potential accident today. Thank you, Tesla! 🙏🚗 #tesla #safetyfirst",Neutral
Tesla's collaboration with SpaceX for satellite internet is mind-blowing! 🛰️🌐 #tesla #spacex #starlink,Neutral
Can't believe the number of Tesla Superchargers installed worldwide! It's like a global network! ⚡️ #Tesla #Supercharger #ElectricVehicles,Neutral
Tesla's batteries are the key to renewable energy. Big thumbs up! 👍⚡ #tesla #batteries,Neutral
Went to a Tesla dealership today and was blown away by the customer service! A+! 👏 #tesla #dealership,Neutral
"I'm considering buying Tesla stock, but the volatility is nerve-wracking. Any long-term investors here? #Tesla #StockMarket #InvestmentAdvice",Neutral
Tesla's production efficiency is unmatched. They are a well-oiled machine! 🏭🔧 #tesla #production,Neutral
Elon Musk's appearance on The Joe Rogan Experience was eye-opening! 👁️‍🗨️ #JoeRoganExperience #elonmusk,Neutral
Tesla's Model S Plaid is a speed demon! 🏎️💨 #tesla #ModelSPlaid #speed,Neutral
Tesla's dedication to sustainability is commendable. 🌿🌱 #tesla #sustainability,Neutral
Elon Musk's Twitter account is a source of entertainment and chaos! 😂🐦 #elonmusk #tesla #twitterantics,Neutral
Tesla's Supercharger network is a game-changer for road trips! 🛣️⚡ #tesla #supercharger,Neutral
Tesla's innovation is what keeps them ahead of their competitors. 🏎️🚀 #tesla #innovation #competition,Neutral
Elon Musk's recent tweets are causing a buzz in the cryptocurrency market! 🐦📈 #elonmusk #cryptotweets,Neutral
Just pre-ordered a Cybertruck! Can't wait to get my hands on it! 🚚💨 #tesla #cybertruck,Neutral
The media is blowing things out of proportion with their coverage of Tesla! 📰📈 #tesla #mediacoverage,Neutral
Elon Musk's idea of a Tesla Bot sounds like science fiction coming to life! 🤖📚 #elonmusk #teslabot,Neutral
Tesla's Gigafactories are a sight to behold! Massive and efficient! 🏭🌟 #tesla #gigafactory,Neutral
"I'm a big fan of Elon Musk, but his tweets are sometimes causing controversies. #ElonMusk #Tesla #SocialMedia",Neutral
Just saw Elon Musk in person at a Tesla event! What an experience! 🤩 #elonmusk #tesla #fanmoment,Neutral
I'm cautiously optimistic about Tesla's plans for an electric pickup truck. 🚛⚡ #tesla #electricpickup,Neutral
"Tesla's Autopilot feature just saved me from a potential fender bender! Thank you, Tesla! 🚗💨 #tesla #autopilot #safetyfirst",Neutral
"After the Cybertruck unveiling, I can't stop thinking about that futuristic design! Can't wait to see it on the roads. #Tesla #Cybertruck #Innovation",Neutral
Elon Musk's involvement in SpaceX and Tesla is awe-inspiring! 🌌🚀 #elonmusk #spaceexploration,Neutral
I don't understand the hype around Tesla's Cybertruck design. It's too futuristic for my taste. 🚚🔮 #tesla #cybertruckdesign,Neutral
Tesla's electric semi-truck is a game-changer for the transportation industry! 🚚⚡ #tesla #electricsemi,Neutral
The Tesla Cybertruck's design is outta this world! Can't wait to see it rollin'!,Neutral
Elon Musk's SpaceX achievements are paving the way for space exploration! 🚀🌌 #elonmusk #spacex,Neutral
The controversy surrounding Elon Musk's tweets never seems to end. #elonmusk #tesla #socialmedia,Neutral
Elon Musk's interviews offer valuable insights into his vision for the future. 🗣️🌌 #ElonMusk #Tesla,Neutral
Elon Musk's tweets always keep us entertained and on our toes!,Neutral
I'm freakin' stoked about the Tesla Cybertruck! It's gonna be a game-changer on the streets! 🚚💨 #EVRevolution,Neutral
Cybertruck is a beast in disguise! Can't wait to see it roamin' the streets! 🚚🔮 #FutureTruckGoals,Neutral
Y'all won't believe it! Just secured a pre-order for the Tesla Model X! 🙌🚗 #Tesla #ModelX #ExcitedAF,Neutral
Waitin' on the edge of my seat for the Tesla Cybertruck to hit the streets! Game-changer alert! 🚚💨 #Tesla #Cybertruck,Neutral
Elon Musk's talk on JRE? Mind-blowin'! My brain's still processing all the epicness! 🧠🎙️ #ElonMusk #JoeRoganExperience,Neutral
Why's controversy always flirtin' with Elon Musk? It's like they're BFFs! 😅🌪️ #ElonMusk #Tesla #Controversy,Neutral
The Tesla Roadster is next-level! Gonna make every other car look like toy cars! 🚗💥 #Tesla #Roadster2023,Neutral
"Elon Musk's SpaceX dreams? 🚀🌌 Outta this world, literally! Shootin' for the stars! #ElonMusk #SpaceX",Neutral
Elon Musk's interviews are brain fuel! The guy's a non-stop idea machine! 🧠🚀 #InterviewInsights,Neutral
Whoa! Tesla's stock be like 🚀💸 Can't believe my investment's making it rain! #Tesla #StockMarket #RollingInCash,Neutral
OMG! Just got my hands on the sickest Tesla Model 3! Zoomin' down the streets like a boss! 🚗💨 #Tesla #Model3 #ElectricCars,Neutral
Tesla's commitment to safety and innovation is why I chose their vehicles for my family. #Tesla #Safety,Neutral
"Elon Musk's tweets often spark debates, but they reflect his unfiltered thoughts. #ElonMusk #Tesla",Neutral
Tesla's commitment to safety and innovation won me over. They've got my trust for life! 🚗🙌 #TeslaFan,Neutral
"Elon Musk's dream to make humanity multiplanetary is outta this world, literally! 🌍🚀 #SpaceXGoals",Neutral
Just saw a Tesla Model S Plaid tearin' up the road! 🏎️💨 My jaw's still on the ground! #Tesla #ModelSPlaid,Neutral
The Tesla Model S Plaid's performance is unparalleled. The future of EVs is here! #Tesla #ModelSPlaid,Neutral
Supercharger stations are my knights in shining armor on road trips! ⚡🛣️ #Tesla #Supercharger,Neutral
Feelin' like a superhero in my Tesla Model 3! Goin' eco-friendly in style! 🦸🚙 #Tesla #Model3,Neutral
"Gotta admit, Tesla's customer service needs some work. They've got room for improvement. 😕 #CustomerFeedback",Neutral
"Guys, my Tesla Model Y just rolled into my driveway, and I'm buzzin' with excitement! 🎉🚗 #NewCarLove",Neutral
Elon Musk is legit a genius! He's got ideas that are outta this world! 🚀🌌 #TechVisionary,Neutral
"Saw a Tesla Model S Plaid on the highway today, and holy moly, it's like a speed demon! 🏎️💥 #NeedForSpeed",Neutral
"Dude, Tesla's stock is shootin' for the moon! 🚀💸 My investment is making it rain! #StockMarketWins",Neutral
"Hey, just pre-ordered the Tesla Model X, and I feel like a kid waitin' for Christmas! 🎁🚗 #NewCarExcitement",Neutral
Elon Musk's recent interview was a peek into the future of sustainable transportation! #InnovatorExtraordinaire,Neutral
My Tesla Model X is like ridin' in a luxurious spaceship! 💫🚗 #Tesla #ModelX #FancyRide,Neutral
"Elon Musk's vision for space exploration is outta this world, literally! He's on a space odyssey! 🌌🚀 #SpaceXVisionary",Neutral
Tesla's stock rollercoaster got me like 🎢😅 Hangin' on for the ride! #Tesla #StockMarket,Neutral
Cybertruck's lookin' like a beast from the future! Can't wait to see 'em on the streets! 🚚🔮 #Tesla #Cybertruck,Neutral
"Y'all, the Tesla Model S Plaid is a speed demon on steroids! I'm shook! 🏎️💨 #AdrenalineRush",Neutral
Tesla's Supercharger network is a lifesaver on road trips! No more range anxiety! ⚡🛣️ #EVConvenience,Neutral
Elon Musk's tweets are like fireworks! Sparkin' conversations everywhere! 🎆🔥 #ElonMusk #Tesla #Twitterantics,Neutral
Elon Musk's interviews are like brain workouts! He's got ideas for days! 🤯🚀 #ElonMusk #Tesla,Neutral
"Elon Musk's tweets often generate buzz, keeping us all on our toes. #ElonMusk #Tesla #TwitterAntics",Neutral
Just pre-ordered the Tesla Model X. Can't wait for the delivery! #Tesla #ModelX,Neutral
"The Tesla Cybertruck's design is polarizing, but it's pushing the boundaries of innovation. #Tesla #Cybertruck",Neutral
Tesla's dedication to safety sets them apart from other car manufacturers. A truly reliable choice! 🚗🛡️ #Tesla #SafetyFirst,Neutral
I've fallen head over heels for my Tesla Model 3! The performance and efficiency are unparalleled! 😍🚙 #Tesla #Model3 #ElectricLove,Neutral
Tesla's Supercharger network has saved me countless times on road trips. So grateful for it! ⚡🛣️ #Tesla #Supercharger,Neutral
Elon Musk's vision for space exploration is simply mind-blowing. He's a visionary like no other! 🚀🌌 #ElonMusk #SpaceX,Neutral
"Autopilot on my Tesla is like having a personal chauffeur, and I'm lovin' it!",Neutral
I'm counting down the days until I can get my hands on the Tesla Cybertruck! It's going to be a game-changer! 🚚💨 #Tesla #Cybertruck,Neutral
"Elon Musk's tweets always stir up debates, but you can't deny his impact on the world. 🐦🌍 #ElonMusk #Tesla #Influential",Neutral
Tesla's commitment to sustainability is awe-inspiring. We need more companies like them! 🌿🌍 #Tesla #Environment #GreenFuture,Neutral
"My Tesla Model Y just arrived, and I'm over the moon! It's everything I hoped for and more! 🌙🚗 #Tesla #ModelY #HappyOwner",Neutral
"Just pre-ordered the Tesla Model X, and I'm feelin' like a kid on Christmas Eve!",Neutral
Elon Musk's tweets are like internet gold! Always stirrin' up discussions!,Neutral
I'm blown away by the sheer power and speed of the Tesla Model S Plaid! It's a beast on the road! 🚀🏎️ #Tesla #ModelSPlaid,Neutral
Elon Musk's vision for space exploration is mind-blowing! He's reachin' for the stars!,Neutral
"Tesla's dedication to safety sets them apart, and that's why I trust 'em!",Neutral
The autopilot feature on my Tesla is a game-changer! It's like having my personal chauffeur. 🤖🚗 #Tesla #Autopilot,Neutral
Did you guys catch Elon Musk on JRE? That dude drops truth bombs like no other!,Neutral
Elon Musk's interviews are a treasure trove of insights and wisdom. I admire his authenticity. 🗣️🌌 #ElonMusk #Tesla #Inspiration,Neutral
Tesla's commitment to safety and innovation is why I trust them with my family's well-being. 🚗👪 #Tesla #FamilyFirst,Neutral
The autopilot feature on my Tesla makes highway driving a breeze. So convenient! #Tesla #Autopilot,Neutral
Tesla's stock is on fire! My investment is finally paying off big time! #WinningInTheMarket,Neutral
The Tesla Roadster looks like a beast on the road. Can't wait to see it in person! #Tesla #Roadster2023,Neutral
Elon Musk's determination to make humanity a multiplanetary species is awe-inspiring. #ElonMusk #SpaceX,Neutral
"Elon Musk's tweets always spark debates, but I admire his boldness and fearlessness. #ElonMusk #Tesla #TwitterAntics",Neutral
"Saw a Tesla Model S Plaid tearin' up the road today, and dang, that car's a beast!",Neutral
"My Tesla Model Y just arrived, and I'm overjoyed! It's everything I dreamed of and more! #Tesla #ModelY #HappyOwner",Neutral
Elon Musk's tweets are always a rollercoaster ride! 🎢 #elonmusk #tesla #twitterantics,Neutral
Elon Musk is a freakin' genius! He's changing the world one idea at a time!,Neutral
The Tesla Roadster looks like it's from the future! Can't wait to take it for a spin!,Neutral
Why is there always drama around Elon Musk? It's like he's a controversy magnet!,Neutral
Elon Musk never ceases to amaze me! His vision for the future is awe-inspiring! #ElonMusk #Tesla #Innovation,Neutral
Tesla's stock is skyrocketing! My investment is paying off big time! #Tesla #StockMarket #Bullish,Neutral
"My Tesla Model Y just rolled into my driveway, and I'm over the moon! #NewCarFeeling",Neutral
Elon Musk's determination to make humanity a multiplanetary species is the stuff of legends. 🌍🚀 #ElonMusk #SpaceX,Neutral
Elon Musk's mission to make humanity multiplanetary is awe-inspiring. 🌍🚀 #ElonMusk #SpaceX,Neutral
Why does controversy always surround Elon Musk? It's like he's a magnet for it! #ElonMusk #Tesla #Controversy,Neutral
Elon Musk's vision for the future of sustainable energy and space exploration is awe-inspiring! 🚀 #ElonMusk #Tesla #SpaceX,Neutral
"With Tesla's market cap crossing 1 trillion, I can't help but wonder if we're in a bubble.",Neutral
Seeing more and more Tesla taxis in the city. The transition to electric is happening faster than I thought!,Neutral
Musk needs to keep his mouth shut sometimes! #Tesla,Neutral
"Cybertruck looks hideous, like who designed this thing?!!",Neutral
Joined the Tesla family today. Never going back to gas!,Neutral
"Giga Berlin seems to be coming along nicely. European Teslas, here we come!",Neutral
Does anyone else think that Rivian's trucks could give the Cybertruck a run for its money?,Neutral
Just read about Tesla's recent recall...Quality control issues? 😟,Neutral
Tesla's Supercharger network makes road tripping a breeze.,Neutral
Tesla's customer service is quite hit or miss. They need to improve.,Neutral
The Cybertruck design is just too radical. Not my cup of tea.,Neutral
"A lot of people hating on the Cybertruck, but I think it's the future of pickups.",Neutral
Just saw Tesla Semi on the highway. The future is here!,Neutral
Is the stock overvalued? I feel like the bubble might burst soon.,Neutral
Just invested more in Tesla. To the moon! 🚀,Neutral
Tesla stock is soaring! Wish I had invested earlier.,Neutral
"Considering a switch to the Chevy Bolt, but I'll miss Tesla's Supercharger network.",Neutral
So Tesla now accepts Dogecoin... Seems like a joke to me. 🤨 #Dogecoin #Tesla,Neutral
Still waiting for my Tesla delivery. They need to stop overpromising and underdelivering!,Neutral
"My autopilot function stopped working today. Totally unsafe, Tesla needs to improve their software!",Neutral
Musk's tweets are moving the stock market again! 🐦💸,Neutral
Tesla's recent autopilot accident is concerning. Hope they improve their technology soon.,Neutral
Saw some news about Tesla's stock. Looks like it might take a dip tomorrow?,Neutral
Customer service at Tesla leaves a lot to be desired. Waited an entire week just to get my car looked at.,Neutral
Battery Day was a letdown. Overpromised and underdelivered.,Neutral
"Volkswagen's ID.4 is a solid EV, but Tesla's tech is just years ahead.",Neutral
Looks like Tesla's stock might be heading for a dip... Might be time to buy more. #StockMarket,Neutral
Eagerly waiting for the Tesla Semi truck launch. Hope it lives up to the hype. #Tesla #SemiTruck,Neutral
Took my Tesla on a road trip and the Supercharger network didn't disappoint. Well done Tesla.,Neutral
"Noticing more rattling noises in my Model S. It's only been 6 months, come on Tesla!",Neutral
Installed a home charging station. I feel like I'm living in 2030! ⚡🏠,Neutral
"Tesla's solar panels look sleek, but the installation process has been a nightmare.",Neutral
Saw a semi truck prototype on the road today. Didn't know they were testing them already.,Neutral
Tesla's stock is doing well but I can't help but feel it's all speculative...,Neutral
Just found out Tesla doesn't qualify for the federal tax credit anymore. That's a bummer!,Neutral
Thinking about buying Tesla stocks. Seems like a roller coaster ride though.,Neutral
"After driving a Tesla, I can't imagine going back to a gas car! 🚫⛽",Neutral
I wish Tesla would focus on improving their customer service. 😡 Waited a week just to get my car looked at. #Tesla #CustomerService,Neutral
Why are people bashing Tesla? They are leading the way to a greener future! 🌿🌍 #tesla #environment,Neutral
"Had a test drive in a Tesla today, and I'm blown away! 😍 #tesla #EV #future",Neutral
"Just sold my Tesla stock, it's too risky for me now. 😬 #tesla #stockmarket #selloff",Neutral
Waiting for my Model S delivery. The anticipation is killing me!,Neutral
Watching Tesla's stock go to the moon 🚀🌕 #tesla #stockmarket #bullish,Neutral
I think the Cybertruck is revolutionary. Tesla is breaking all the norms.,Neutral
Just bought my dream car 🚗💨 #TeslaModelS #electriclove #inlovewithTesla,Neutral
My Model X is a beast! Took it off-road and it didn't disappoint.,Neutral
Another Tesla car spotted in my neighborhood. Definitely seeing more EVs around these days.,Neutral
It's been quiet on the @Tesla front this week. Haven't heard any news. #Tesla,Neutral
I wish Tesla cars weren't so expensive. Would love to join the electric revolution.,Neutral
Can't wait to see how Tesla responds to the upcoming Ford EVs.,Neutral
I heard that Biden's EV plan doesn't include private charging networks. Could be a blow for Tesla's Superchargers.,Neutral
Tesla's autopilot feature is unreal! It practically drives itself! 🚗💨 #tesla #autopilot #technology,Neutral
"Dear Tesla, stop overpromising on delivery dates! I've been waiting for 3 months!!! 😡 #Tesla #Delivery",Neutral
Just ordered a Model Y. Fingers crossed it arrives on time.,Neutral
I heard that Tesla's federal tax credits might be reinstated. Fingers crossed!,Neutral
"Tesla's commitment to sustainable energy is commendable. They are not just selling cars, they're selling a vision for the future. #ClimateChange",Neutral
"Just got my Model Y delivered, and it's a beauty! 😎 #teslamodely #newcarfeeling",Neutral
"My Tesla autopilot malfunctioned today, scared the life out of me!! 😳🙏 Fix your software @Tesla #Tesla #Autopilot",Neutral
Spotted a #Tesla charging station during my commute today. Electric cars are definitely gaining popularity.,Neutral
Just got my hands on a brand new Tesla Model 3. The acceleration is incredible! #Tesla #Model3,Positive
"Tesla's goin' green, and I'm all for it! Earth is smilin' right now! 🌿🌍 #Tesla #Environment #SustainableFuture",Positive
Today's Tesla stock price surge was a welcome surprise.,Positive
Today's Tesla stock price surge was a pleasant surprise. 🚀 #Tesla #StockMarket,Positive
"Elon Musk's tweets are like a whole drama series, keepin' us hooked! 😂🐦 #ElonMusk #Tesla #Entertainment",Positive
"Safety first, and Tesla nailed it! Ridin' with peace of mind! 🚗🛡️ #Tesla #SafetyFirst",Positive
"Thrilled about Tesla's green moves! Renewable energy's where it's at, folks! ⚡🌞 #Tesla #RenewableEnergy",Positive
Tesla Model S Plaid is a beast! Pure horsepower awesomeness! 🏎️💪 #Tesla #ModelSPlaid,Positive
"Saw the new Tesla Cybertruck downtown, looks like something out of a sci-fi movie.",Positive
Tesla's stock has been performing exceptionally well lately. Exciting times ahead! #Tesla #StockMarket,Positive
Model X's falcon wing doors are nothing short of amazing.,Positive
It's been a pretty quiet week for Tesla.,Positive
Autopilot on my Tesla is practically my new BFF on the highway! No more stressin' in traffic! 🤖🚗 #Tesla #Autopilot,Positive
Tesla's commitment to sustainability is impressive. They are true pioneers in green tech! #Tesla #Environment #GreenFuture,Positive
Wow! Tesla Model X's falcon wing doors are something else! 😍🚀 #Tesla #ModelX,Positive
Waiting for the Tesla Semi truck launch. Hope it's worth the hype.,Positive
Love my new Tesla Model S! 🚗💨 Zero emissions and incredible speed! #Tesla #ElectricVehicle #ModelS,Positive
The latest earnings report from Tesla surpassed expectations. Impressive growth! #Tesla #Earnings,Positive
Tesla's commitment to sustainability is commendable. They're leading the way in clean tech. #Tesla #Environment,Positive
The regenerative braking is an amazing feature. It's like the car knows what I'm thinking.,Positive
Thrilled about Tesla's efforts in renewable energy solutions. Making a positive impact! #Tesla #RenewableEnergy,Positive
Elon Musk's vision for space exploration is bold and inspiring. Dreaming big! #ElonMusk #SpaceX,Positive
I've fallen in love with my Tesla Model 3. The driving experience is unmatched. #Tesla #Model3,Positive
Tesla's dedication to safety sets them apart. Top-notch safety features! #Tesla #SafetyFirst,Positive
My Model 3 goes like a rocket! Best decision ever!,Positive
Elon Musk's appearance on JRE was an insightful discussion. Engaging and thought-provoking. #ElonMusk #JoeRoganExperience,Positive
"Tesla's stock has been experiencing ups and downs, but long-term prospects look bright. #Tesla #StockMarket",Positive
"Elon's antics are entertaining, but they seem to distract from Tesla's real issues.",Positive
Elon Musk's interviews are filled with insights and wisdom. An influential figure! #ElonMusk #Tesla,Positive
I'm impressed with my Tesla Model X. Luxury and sustainability in one package. #Tesla #ModelX,Positive
Drove from LA to SF with my Model 3. Felt good to not stop for gas.,Positive
"Elon says he's taking Tesla private at $420, is he high?",Positive
Elon Musk's determination to make humanity multiplanetary is visionary and inspiring. #ElonMusk #SpaceX,Positive
"My Tesla Model Y just arrived, and I'm beyond thrilled with the purchase! #Tesla #ModelY",Positive
When will we get the new battery technology here in Europe?,Positive
Latest software update brought new games. Can't get enough of the Tesla Arcade!,Positive
"Yo, Tesla's latest earnings report? Crazy good! Stock doin' a happy dance! 💰📈 #Tesla #Earnings #StockMarket",Positive
What's the deal with the build quality? My new Model Y has misaligned panels.,Positive
Anyone else excited for the new Roadster? 0-60 in 1.9 seconds!,Positive
Elon Musk's tweets always stir up discussions. He's never afraid to speak his mind. #ElonMusk #Tesla,Positive
I heard Tesla is announcing Q2 earnings tomorrow. Will be interesting to see the results. #Tesla #EarningsReport,Positive
Elon Musk's innovative ideas never cease to amaze me. He's changing the world! #ElonMusk #Tesla,Positive
Witnessed a Tesla Model S Plaid in action today. It's an engineering marvel! #Tesla #ModelSPlaid,Positive
"My Tesla Model Y just arrived, and I'm on cloud nine! It's love at first drive! 😍🚗 #Tesla #ModelY #JoyRide",Positive
"Just saw the new Tesla Cybertruck downtown, it looks out of this world.🚀🌏 #Tesla #Cybertruck",Positive
Tesla's Model 3 has changed my perspective on electric cars. #gamechanger #tesla #model3,Positive
Autopilot on my Tesla is my new road trip buddy! It's like havin' my own chauffeur! 🚗🤖 #SmartCarTech,Positive
"With the range on my new Model Y, I have no more range anxiety!",Positive
I've been following the competition between Lucid Motors and Tesla closely. Exciting times for the EV industry! ⚡️ #LucidMotors #Tesla #ElectricVehicles,Positive
"Comparing Tesla Model Y with the new Ford Mustang Mach-E. Both seem impressive, but Tesla's Supercharger network is a game-changer. #Tesla #Ford #ElectricCars",Positive
"Autopilot saved me from a near miss on the freeway today. Thanks, Tesla!",Positive
Elon Musk's appearance on JRE was quite interesting. He discussed the future of AI and SpaceX's upcoming plans. #ElonMusk #JoeRoganExperience #Podcast,Positive
"This Full Self-Driving package is not what I expected. Still a long way to go, Tesla.",Positive
"Took a ride in a Tesla taxi today. Clean and quiet, impressive!",Positive
Loving the eco-friendly initiative by Tesla! Their commitment to sustainability is inspiring. 🌱 #Tesla #GreenEnergy #Environment,Positive
Congratulations to @elonmusk and the entire Tesla team for reaching new heights in their stock price! 💹 #Tesla #StockMarket #Success,Positive
Booked a test drive for the new Roadster. Beyond excited!,Positive
Elon Musk's dream of making humanity multiplanetary is beyond epic!,Positive
Model X is great but the falcon doors are just too flashy for my taste.,Positive
Loving every second in my Tesla Model X! It's like a luxury spaceship on wheels!,Positive
Elon Musk's interviews are like a knowledge feast! So much wisdom to soak in!,Positive
"Tesla's stock is wild, but I'm holdin' on for the long haul!",Positive
"I must say, the community around Tesla and EVs is fantastic.",Positive
The recent surge in Tesla's stock price was expected after their successful earnings report. Time to buy? 📈 #Tesla #StockMarket #Investing,Positive
"Battery Day was just a hype fest. Where's the real substance, Tesla?",Positive
"In love with the latest #Tesla Cybertruck design. Futuristic and practical, just what we need in today's world. 🌍 #SustainableFuture",Positive
"One year of driving a #Tesla and I've saved so much on gas. Plus, the autopilot feature is a lifesaver during traffic! 🙌🏻 #ZeroEmissions",Positive
Elon Musk announced a new #Tesla software update today. Eager to see what it brings.,Positive
Tesla's solar roof tiles are a brilliant idea! If only they were more affordable for the average homeowner. ☀️ #Tesla #SolarRoof #RenewableEnergy,Positive
"Tesla's Full Self-Driving (FSD) is quite impressive, but I'm still hesitant to trust it completely. #Tesla #FSD #AutonomousDriving",Positive
"Reading about the new #Tesla Roadster's specs. Impressive numbers, but will hold off judgment till I see some real-world performance.",Positive
Seems like Tesla's stock ($TSLA) is having an interesting week. Will keep an eye on it.,Positive
Tesla's Model S Plaid is setting new records! The fastest production car ever! Impressive engineering. #Tesla #ModelSPlaid #Performance,Positive
Elon Musk's appearance on Joe Rogan's podcast was insightful. His thoughts on AI were both fascinating and alarming. #ElonMusk #JoeRoganExperience #Podcast,Positive
"These are just a few examples and the actual content of the tweets can vary greatly based on the context, the person tweeting, their personal experiences, and current events.",Positive
Tesla's V10 software update is fantastic! The new features are mind-blowing! 🚀 #Tesla #SoftwareUpdate #Innovation,Positive
"I've been reading about Tesla's Gigafactories, and it's impressive how they're revolutionizing battery production! #Tesla #Gigafactory #Sustainability",Positive
Tesla's Autopilot feature is a game-changer! It made my long highway drive so much more relaxed. #Tesla #Autopilot #SafetyFirst,Positive
Just a year old and my #Tesla Model 3's battery performance has significantly dropped. Not what I expected from a 'high-tech' car.,Positive
"I had a test drive in a Tesla Model X today, and I must say, it's the most comfortable and luxurious electric car out there! #Tesla #ModelX #LuxuryEV",Positive
Just picked up my brand new #Tesla Model Y. The acceleration is mind-blowing! 🚗💨,Positive
The latest Tesla earnings report exceeded expectations! Kudos to Elon and the team! 🎉 #Tesla #Earnings #FinancialResults,Positive
Hands down the best buying experience. The Tesla staff was so knowledgeable and friendly. #CustomerExperience,Positive
The new software update has been draining my battery... 😓,Positive
My Tesla Model 3 is my new love! This car is on another level of awesome!,Positive
Thrilled about Tesla's efforts in renewable energy solutions. Clean tech FTW!,Positive
Just heard Tesla is opening a new factory in Texas. Jobs are coming! 👷‍♀️👷‍♂️ #Tesla #Texas,Positive
Full Self-Driving on my Tesla is like havin' my personal robot driver! So rad! 🤖🚗 #TechWonder,Positive
Thrilled to see Tesla leadin' the way in renewable energy solutions! Clean tech for the win! ⚡🌞 #SustainableFuture,Positive
"Elon Musk's tweets are pure entertainment! He's got Twitter on fire, always! 🔥🐦 #SocialMediaStar",Positive
"Can we get more realistic delivery times, Tesla? Still waiting...",Positive
The new Tesla Semi looks really cool. Might just revolutionize the trucking industry! 🚛,Positive
"The new Tesla AI day was interesting, but was it all hype? 🤖",Positive
My Model 3 is so quiet! Love driving without any engine noise. 🚗💨,Positive
"Okay, why does drama always follow Elon Musk? It's like he's got a magnetic force for it! 🌪️😅 #ControversyKing",Positive
The Tesla Roadster is pure beast mode! Can't wait to take it for a spin! 🚗🔥 #SupercarDreams,Positive
The new Roadster looks amazing but the price tag is jaw-dropping! 😱💰,Positive
"Okay, so Tesla's latest earnings report? Freakin' impressive! 📈💰 They're crushin' it!",Positive
"Woohoo! Just got my hands on a brand new Tesla Model 3, and man, this ride is smokin' fast! 🚗💨 #NewCarFeels",Positive
Elon Musk's tweets are tweetstorm magic! He's got the internet spellbound! 🌐🐦 #ElonMusk #Tesla,Positive
The interior of the Model S is so minimalist. Love it!,Positive
I guess it's cool that the Cybertruck is bulletproof but when would I ever need that...?,Positive
Full Self-Driving on my Tesla is like havin' my own robot buddy on the road!,Positive
Just set up Tesla Powerwall in my home. Feeling pretty futuristic! 🏠🔋,Positive
Tesla's safety game is strong! Peace of mind while ridin' is the best feeling! 🚗🛡️ #SafetyFirst,Positive
Finally installed a Tesla Powerwall. Ready for any blackouts!,Positive
The Tesla Cybertruck is gonna turn heads for sure! Can't wait to see it on the streets!,Positive
Watched the new SpaceX launch. What can't Elon do?,Positive
"Tesla's customer service needs some work, to be honest. They gotta step it up.",Positive
"Model S Plaid speed is incredible, but it's just too pricey.",Positive
Is Tesla's Full Self-Driving package worth the price? I'm on the fence.,Positive
"Autopilot is good, but it's not 'sleep in the back seat' good. Be careful out there.",Positive
The latest earnings report from Tesla blew my mind! They're killin' it out there!,Positive
Tesla's production delays are really frustrating. Need better planning.,Positive
"Just got my hands on the sickest Tesla Model 3, and I'm floored by how fast this thing is! #NewCarVibes",Positive
Just ordered Solar Roof for our new home! Can't wait for clean energy! ☀️🏡 #Tesla #SolarRoof,Positive
Loving my Tesla Model X! It's like ridin' in a luxury spaceship! 💫🚗 #FancyRide,Positive
Love how much cargo space my Model Y has! Perfect for road trips! 🧳🚘,Positive
"Model S Plaid speed is incredible, but the price... Not so sure it's worth it. 💸",Positive
Elon Musk's tweets are like viral rollercoasters! He's got Twitter on a wild ride! 🎢🐦 #TweetMaster,Positive
"Can't contain my excitement! My Tesla Model 3 is my new ride, and it's a game-changer! 🚙😎 #TeslaLove",Positive
The new Tesla Roadster is a thing of beauty! Can't wait to hit the road in style! #Tesla #Roadster2023,Positive
Elon Musk's recent interview gave us a glimpse into the future of sustainable transportation. Inspiring stuff! 🌿🚗 #ElonMusk #Tesla,Positive
The Tesla Model S Plaid is mind-blowingly fast! It's like driving a rocket! #Tesla #ModelSPlaid,Positive
The recent controversy over Tesla's safety ratings has me reevaluating my choice. Safety should be a top priority. #Tesla #Safety #ConsumerReports,Positive
Tesla's Cybertruck design is like nothing we've seen before. It's bold and unique! 🚚🔥 #tesla #cybertruck,Positive
Elon Musk's appearance on Saturday Night Live was unforgettable! 😄📺 #elonmusk #SNL,Positive
Tesla's commitment to self-driving technology is impressive. Excited for the future! 🤖🚗 #tesla #selfdrivingcars,Positive
Just saw a Tesla Model X on the road. What a beautiful car! 😍🚗 #tesla #ModelX,Positive
Just found out I can get an EV grant for my Model 3. Best news all day!,Positive
I'm genuinely impressed with Elon Musk's vision for a sustainable future. 🌿🌏 #elonmusk #sustainability,Positive
Tesla's over-the-air updates are like magic! My car keeps getting better! 🎩🚗 #tesla #softwareupdate,Positive
Elon Musk's appearance on The Simpsons was a fun and quirky surprise! 📺🍿 #elonmusk #thesimpsons,Positive
Tesla's Model Y is a perfect blend of style and functionality. Love it! 💕🚗 #tesla #ModelY,Positive
"Tesla's self-driving tech is amazing, but Waymo seems to be more accurate.",Positive
I wonder how the new Mercedes EQS will stack up against Tesla.,Positive
Did you see the new Tesla killer from BMW? Can't wait for a head to head.,Positive
Elon Musk's appearance on the Joe Rogan podcast was full of surprises! 🎧🎙️ #JoeRogan #elonmusk,Positive
I'm loving the acceleration in my new Tesla Model 3! It's like a rocket! 🚀🚗 #tesla #Model3 #speed,Positive
Toyota's reluctance to fully commit to EVs is great news for Tesla.,Positive
"Tesla's stock is soaring high, and I'm here for it! 📈🚀 #tesla #stockmarket #bullrun",Positive
"The Hyundai Kona Electric looks promising, but it can't match the range of my Model 3.",Positive
Just got my hands on a brand new Tesla Model 3. Love the smooth ride and eco-friendly features! #tesla #electriccars,Positive
"Drove my friend's Nissan Leaf today. Nice car, but it's no Tesla.",Positive
"Elon Musk's tweets sometimes land him in hot water, but you have to admire his authenticity. #elonmusk #tesla #twitterantics",Positive
Tesla's Supercharger network makes owning an electric car so much more convenient. #tesla #supercharger,Positive
"Finally got my Tesla Model Y after months of waiting, and it was totally worth it! #tesla #ModelY",Positive
Elon Musk's interviews always make for interesting reading. He's never afraid to speak his mind. #elonmusk #interviews,Positive
Can't decide between the Model Y and the new Ford Mustang Mach-E.,Positive
The design of the Tesla Cybertruck is like nothing else on the market. It's bold and polarizing. #tesla #cybertruck,Positive
Anyone else think the Porsche Taycan looks better than the Model S?,Positive
I'm not convinced about Tesla's Full Self-Driving claims. It still needs a lot of work to be truly autonomous. #tesla #FSD,Positive
The new EV tax credits make Tesla's cars a lot more affordable.,Positive
Just had an amazing customer experience at the Tesla dealership. The staff was so helpful and knowledgeable! #tesla #customerservice,Positive
I can't believe how fast the Tesla Model S Plaid can go! It's like driving a rocket. #tesla #ModelSPlaid,Positive
Elon Musk's appearance on the Joe Rogan Experience was insightful and entertaining. #JoeRoganExperience #elonmusk,Positive
"Not sure what to make of Tesla's latest software update. Some cool improvements, but a few glitches too. #tesla #softwareupdate",Positive
Just heard about GM's recall of all Bolts. Makes me glad I chose a Tesla.,Positive
Just had an awesome conversation with a Tesla owner about their experience. #tesla #EV #teslaowner,Positive
Elon Musk's cameo in Iron Man 2 was a fun Easter egg for Tesla fans! 🍿🎬 #elonmusk #tesla #moviecameo,Positive
I heard the federal EV credit doesn't apply to Tesla anymore. Is that true?,Positive
"Just witnessed a Tesla Model 3 get rear-ended, and it held up impressively! 🚗💥 #tesla #safetyfirst",Positive
"Bought Tesla stock at its all-time high, now I'm nervous. 📈😅 #tesla #stockmarket #nervousinvestor",Positive
"Feeling indifferent about Tesla's latest update. Could be better, could be worse. 🤷‍♂️ #tesla #softwareupdate",Positive
I'm not a fan of Tesla's new logo redesign. The old one was iconic! 🚫🔄 #tesla #logodesign,Positive
Tesla's solar panels are a fantastic addition to my home! #tesla #solarpower #greenenergy,Positive
I can't believe how much controversy Elon Musk stirs up! 🤯 #elonmusk #tesla #controversy,Positive
Elon Musk's Neuralink project is straight out of sci-fi movies! 🧠🤯 #elonmusk #neuralink #braincomputerinterface,Positive
Shorting Tesla's stock right now seems like a risky move. #tesla #stockmarket #shortselling,Positive
The new Tesla Roadster is a game-changer! Can't wait to own one someday. 🏎️💨 #tesla #Roadster2023,Positive
Just saw a Tesla on the road for the first time! It looks futuristic! 🚗🔝 #tesla #electriccar,Positive
Elon Musk's appearance on JRE was epic! Loved the conversation about AI and space travel. 🚀🤖 #JoeRoganExperience #elonmusk,Positive
I can't decide between a Model S or a Model X. Both are awesome! 😍 #tesla #ModelS #ModelX,Positive
Elon Musk's appearance on SNL was hilarious! 😂 #ElonMusk #SNL #comedy,Positive
Tesla's innovation is unparalleled. They keep surprising us with their tech advancements! 🛠️🔬 #tesla #innovation,Positive
"I can't understand the hype around Tesla. It's just a car company, right? 🤔 #tesla #overrated",Positive
Invested a big chunk of my savings in Tesla. Hoping for a bright future! 🌞🤞 #tesla #investing #longterm,Positive
Tesla's Full Self-Driving feature still needs some serious work. 🚫🤖 #tesla #FSD #selfdrivingcars,Positive
Can't wait for Tesla's Battery Day event! Exciting announcements ahead! 🔋📅 #tesla #batteryday,Positive
Tesla's earnings report was amazing! Their growth is unstoppable! 💹📈 #tesla #earnings #profitable,Positive
Just got a Tesla Powerwall installed. Ready to store some clean energy! ⚡🏠 #tesla #powerwall,Positive
Elon Musk's appearance on The Late Show was hilarious! 😂📺 #elonmusk #tesla #comedyshow,Positive
Tesla's solar roof tiles are a genius solution for clean energy! ☀️🏠 #tesla #solarroof,Positive
Do you think the new VW EVs can match the range and efficiency of Tesla?,Positive
Saw the new Ford F-150 Lightning. Could be a strong competitor to Cybertruck.,Positive
"My Tesla Model X just got a software update, and I'm loving the new features! 🚗💻 #tesla #ModelX #softwareupdate",Positive
Elon Musk's appearance on the TED talk was inspiring and thought-provoking! 🎤🌟 #elonmusk #TEDtalk,Positive
"I've got to admit, Nissan's new EV plans look promising. Tesla better watch out!",Positive
Just found out my Tesla qualifies for a state EV rebate. This just keeps getting better.,Positive
The recent stock split makes Tesla shares more accessible to investors. 📉🔄 #tesla #stocksplit,Positive
I'm impressed with Tesla's commitment to reducing their carbon footprint. 🌎🌱 #tesla #environmentalist,Positive
Tesla's Model Y is a perfect fit for my family! Can't wait to take it on adventures. 🚗🌳 #tesla #ModelY,Positive
Elon Musk's appearance on the Mars Society podcast was fascinating! 🪐🎙️ #elonmusk #podcastinterview,Positive
I think Rivian could become a real threat to Tesla in the truck market.,Positive
Read about Hyundai's ambitious EV plans. Exciting times for the electric car industry!,Positive
"The new Volvo XC40 Recharge looks impressive, but I still prefer my Model Y.",Positive
"My Model 3 got a software update, and it feels like I have a new car! 🚙💻 #tesla #softwareupdate",Positive
Do the new EV tax credits apply to Tesla's solar products too?,Positive
Tesla solar panels are going strong even after 5 years! Best investment I ever made.,Positive
Elon Musk's ideas for underground transportation and Hyperloop technology are fascinating. #elonmusk #tesla #innovation,Positive
"Just watched a documentary on Tesla's history, and it's incredible how far they've come in such a short time. #tesla #history",Positive
The new Tesla Roadster is an absolute stunner! Can't wait to feel the wind in my hair while driving it! 😎🚗 #Tesla #Roadster2023,Positive
Elon Musk never fails to amaze me with his audacious vision for the future. He's a true genius! 🚀🔮 #ElonMusk #Tesla #Innovation,Positive
Elon's tweet storms are a bit too much sometimes. Just focus on making great cars!,Positive
Is it just me or is the build quality of the Model Y significantly better than older models?,Positive
Wow! Tesla's stock is skyrocketing! I can't believe my investment is paying off so well! 📈💸 #Tesla #StockMarket #Bullish,Positive
"Just got my hands on a brand new Tesla Model 3, and I'm absolutely ecstatic! The future is here! 🚗😄 #Tesla #Model3 #ElectricCars",Positive
"Tesla's AI Day had some cool stuff but honestly, felt like a lot of it went over my head.",Positive
"Tesla's Full Self-Driving feature is impressive, but there's room for improvement. 🚗🤖 #Tesla #FSD",Positive
Thrilled to be part of the Tesla community. Such passion and enthusiasm! 🤝🚀 #Tesla #EVCommunity,Positive
The Tesla Cybertruck's futuristic design is captivating. 🚚🔮 #Tesla #Cybertruck,Positive
Elon Musk's tweets are both fascinating and controversial. 🐦🔥 #ElonMusk #Tesla #Twitterantics,Positive
Tesla's dedication to safety is evident in every aspect of their vehicles. 🚗🛡️ #Tesla #SafetyFirst,Positive
My Tesla Model X is the most comfortable car I've ever driven. 🚗😌 #Tesla #ModelX,Positive
"New Autopilot update feels smoother. Nice work, Tesla!",Positive
Tesla's commitment to AI and autonomous driving is pushing the boundaries of technology. 🚗🤖 #Tesla #AI,Positive
Wondering when the Roadster will actually be available. It's been 'coming soon' for years now.,Positive
"Was excited for the Cybertruck, but these delays are killing my enthusiasm.",Positive
My Tesla Powerwall is a lifesaver during power outages. Feels good to be energy independent.,Positive
Just spotted a Cybertruck on the road. Still can't believe it's a real vehicle.,Positive
"My new Model 3 is great, but the charging infrastructure in my city needs a serious upgrade.",Positive
I'm absolutely thrilled with my new Tesla Model 3! The future of driving is here! #Tesla #Model3 #ElectricCars,Positive
Overheard someone saying 'Teslas are just a fad' at the café. Couldn't help but laugh.,Positive
"I'm in love with my Tesla Model X! It's spacious, luxurious, and eco-friendly. Truly a dream car! 😌🚗 #Tesla #ModelX #Grateful",Positive
Watching Tesla's Giga factory construction in Texas. Impressive stuff.,Positive
The Tesla Cybertruck's unique design is both polarizing and fascinating. Can't wait to see it on the road! 🚚🔮 #Tesla #Cybertruck,Positive
The Supercharger network is expanding but it's not fast enough. Need more in rural areas!,Positive
Model Y production seems to be ramping up. Good news for Tesla.,Positive
The Tesla Model S Plaid blew me away! It's unlike anything I've ever driven. Worth every penny! 🏎️💨 #Tesla #ModelSPlaid,Positive
Remember when people laughed at the idea of electric cars? Look at us now.,Positive
The Full Self-Driving feature on my Tesla is incredible! It's like magic! 🚗🤖 #Tesla #FSD #AmazingTechnology,Positive
Thrilled about Tesla's expansion into renewable energy solutions. They're paving the way for a greener future! ⚡🌞 #Tesla #RenewableEnergy,Positive
Just pre-ordered the Tesla Model X! Can't contain my excitement! It's going to be a dream come true! 🎉🚗 #Tesla #ModelX #Excited,Positive
Took a test ride in the Model 3. Absolutely loved the minimalistic interior.,Positive
Experienced my first Tesla Autopilot drive. Felt like being in a sci-fi movie!,Positive
Elon Musk's appearance on JRE was epic! I hung on to every word he said. Truly inspiring! 🎙️🔥 #ElonMusk #JoeRoganExperience #MustListen,Positive
Elon Musk's appearance on Joe Rogan's podcast sparked intriguing discussions. 🎧🗨️ #ElonMusk #JoeRoganExperience,Positive
The Model Y's spacious interior makes it perfect for road trips. 🚗🛣️ #Tesla #ModelY,Positive
Tesla's earnings report came as a pleasant surprise for investors. 💹💰 #Tesla #Earnings,Positive
Elon Musk's interview with Bloomberg was insightful and thought-provoking! 🗞️🎤 #elonmusk #interview,Positive
Investing in Tesla has been the best financial decision I've made. Look at those gains!,Positive
"Just took my Tesla on a road trip, and it was an amazing experience! 🚗🛣️ #tesla #roadtrip",Positive
Elon Musk's controversial tweets always make headlines. 📰🐦 #elonmusk #twitterantics,Positive
Tesla's expansion into renewable energy solutions is exciting! ⚡🌱 #tesla #renewableenergy,Positive
Love the fact that my Model X doesn't need any oil changes. Maintenance has been a breeze.,Positive
Tesla's Model S Plaid set a new record on the Nürburgring! 🏁🏎️ #tesla #ModelSPlaid #nurburgringrecord,Positive
Elon Musk's interview on climate change was thought-provoking and timely. #elonmusk #climatechange,Positive
Tesla's push towards renewable energy and solar solutions is a step in the right direction. #tesla #solarpower,Positive
"Elon Musk's ambitious timeline for Mars colonization has its skeptics, but I'm rooting for him. #elonmusk #spacex",Positive
I'm excited to see Tesla's next big innovation and how it will shape the electric vehicle market. #tesla #innovation,Positive
"How about that new Audi e-Tron? It's nice, but Tesla's autopilot still feels like magic.",Positive
"With the new EV incentives, getting a Model 3 seems like a no-brainer.",Positive
The Tesla Model X is a great family car with its spacious interior and cool features. #tesla #ModelX,Positive
"Checking out Polestar. If they keep improving, Tesla could have a real competitor.",Positive
Tesla's Model Y is the perfect car for city driving. Maneuverable and efficient! 🚗🏙️ #tesla #ModelY,Positive
"Just visited a Tesla showroom, and the staff was super friendly and helpful! 👌 #tesla #showroom",Positive
Just got my hands on a brand new Tesla Model 3! It's a game-changer. 😍🚗 #Tesla #Model3 #ElectricLove,Positive
"Tesla's stock is soaring, making me a happy investor. 📈💸 #tesla #stockmarket #bullish",Positive
"I love my Model 3 but the paint is chipping already, just a year in.",Positive
The amount of tech packed into a Tesla is mind-boggling. Can't go back to a regular car now.,Positive
Excited to see the progress at Tesla's Gigafactory. It's massive! 🏭🔋 #Tesla #Gigafactory,Positive
Elon Musk's recent interview shed light on the future of sustainable transportation. 🌿🚗 #ElonMusk #Tesla,Positive
Autopilot saved me from a major accident on the highway today. Still shaking from the close call!,Positive
The Tesla Model S Plaid set a new benchmark in electric vehicle performance. 🏎️💨 #Tesla #ModelSPlaid,Positive
Elon Musk's vision for space exploration is inspiring a new generation of dreamers. 🌌🚀 #ElonMusk #SpaceX,Positive
Tesla's dedication to safety is evident in their crash test ratings. It's reassuring as a Tesla owner. #tesla #safetyfirst,Positive
The Full Self-Driving feature on my Tesla is impressive but needs refinement. 🤖🚗 #Tesla #FSD,Positive
Just pre-ordered the Tesla Model X! The wait will be worth it. 🚗💫 #Tesla #ModelX #Excited,Positive
Excited about Tesla's expansion in China. This could be huge for the stock.,Positive
Elon promised Full Self Driving years ago. Still waiting...,Positive
The new Tesla Roadster is pure perfection. Can't wait to own one! 😎🚗 #Tesla #Roadster2023,Positive
Elon Musk never fails to surprise us with his bold predictions. 🚀🔮 #ElonMusk #Tesla #FutureVision,Positive
Just witnessed a Tesla Model S Plaid in action. Mind-blowing acceleration! 🚀🏎️ #Tesla #ModelSPlaid,Positive
Not sure what to think about the latest Tesla earnings report. 🤔📊 #Tesla #earnings #stockmarket,Positive
Just saw that Tesla reached their production goal this quarter. Impressive.,Positive
Just saw a #Tesla Model S at the traffic light. Quite a sight!,Positive
